{"shear_errs": [0.01, 0.02, 0.03, 0.05, 0.1, 0.15, 0.2, 0.3], "rec_shear": {"0.01": [[-0.030216385769268817, -0.26130497334960096], [-0.11416803577223897, -0.21924418007346447], [0.18015450725086787, -0.01922470679378253], [0.016959771575818443, -0.12961278359510026], [-0.0047902122214249585, -0.2888854438768721], [-0.02687906549605425, 0.36301839840217787]], "0.02": [[-0.035200451623711417, -0.27381558298155145], [-0.11523975033366789, -0.23080773210153824], [0.19426479474573982, -0.039031268352855156], [0.028768882055961197, -0.11332392478575647], [-0.014089666076047001, -0.2797581639330719], [-0.017485680667372563, 0.36326349415357473]], "0.03": [[-0.03999361247637027, -0.27983402193065365], [-0.1581683136841153, -0.23798366529547688], [0.1968831079437393, -0.019608631767650077], [0.031193067227071776, -0.1564105325463692], [-0.02412432658113009, -0.3030254132875091], [-0.044825678305240244, 0.3627648018443474]], "0.05": [[-0.04877890327423692, -0.2915341691075294], [-0.1829046068581179, -0.20181736334707676], [0.10807751771035337, -0.01225369971192675], [-0.034423670793499284, -0.12390492812863833], [0.005261063841169839, -0.2816169635816375], [-0.06242951391252676, 0.36300610092957913]], "0.1": [[-0.061743120529445215, -0.318144888719608], [-0.25248533124905687, -0.19613363731070926], [0.1968831079437393, -0.019608631767650077], [-0.09247031698174, -0.25652082520309], [-0.07844835926352176, -0.35114338815794865], [-0.017485680667372563, 0.36326349415357473]], "0.15": [[-0.0707197867477583, -0.3635447107908163], [-0.30508741161009595, -0.2876831430901177], [-0.1552356387948815, -0.20740752172967572], [0.054637492230025696, -0.3057269152090035], [-0.1362133585959792, -0.2695254811475861], [-0.017485680667372563, 0.36326349415357473]], "0.2": [[0.0036212111314656357, -0.3903313849412905], [-0.11317716527689062, -0.20760312477596446], [-0.20288069516303123, 0.0010953398325927787], [0.06509628186380809, -0.34304690398955656], [0.01949982829844179, -0.4317818095210608], [-0.1902436935838688, 0.3860479290321659]], "0.3": [[-0.13033732282511684, -0.4293646456868904], [-0.1684272034340772, -0.11213100695906371], [-0.2783844524579902, 0.007876349398589777], [0.028768882055961197, -0.11332392478575647], [0.005261063841169839, -0.2816169635816375], [-0.017485680667372563, 0.36326349415357473]]}, "gt_shear": [[-0.0239854980344741, -0.44448392806749826], [-0.15996111591268225, -0.2532349225135048], [0.11212205127924253, 0.05310052377101059], [0.07933817976622637, -0.1364513505494331], [0.05149351242773589, -0.3075247555252046], [-0.05249600476549794, 0.47440153797580764]], "obs_shear": [[-0.041422221361784715, -0.15945735490253782], [-0.049591430264638324, -0.04271328633144989], [0.054753183591759576, -0.0023064545034322944], [0.049526484688706705, 0.032283354653577484], [0.015575278614083555, -0.16046880374063602], [-0.014979406116973402, 0.21744431229559308]], "rec_err_mean": [[0.044055915992645966, 0.07105932431650432], [0.0482069771578204, 0.0745432314666369], [0.038999208557206365, 0.0647842632099375], [0.036951539674568025, 0.06992853216998744], [0.09196726450553198, 0.08849593853299671], [0.11777269285714387, 0.11571806103556714], [0.09556277951568141, 0.09516595686363123], [0.10618941440737117, 0.06027010563949107]]}