{"shear_errs": [0.0, 0.01, 0.03, 0.05, 0.1, 0.15, 0.2, 0.25, 0.3, 0.35, 0.4], "rec_shear": {"0.0": [[-0.3133648629482859, -0.40604827512839675], [0.43991389686840643, -0.10482641770813568], [0.016359073892189605, 0.15355961455678407], [-0.009302609086020954, -0.0853479541738603], [0.1578886448688038, -0.11386486106394389], [0.02086684577807064, 0.05453380284635402], [0.265046480903557, -0.0905670721232055]], "0.01": [[-0.31664525704941815, -0.40615754353087363], [0.44178363595932746, -0.10974180146070694], [0.012817818262177342, 0.15315491819744562], [-0.026792114604844732, -0.10779674936734268], [0.14792417665399493, -0.12580451940513038], [-0.01405230797391548, 0.05227107333487861], [0.2651785738716214, -0.1024531068401464]], "0.03": [[-0.3256988796835441, -0.41993276720819206], [0.444850044773904, -0.1194593200466146], [0.016994971477860957, 0.14127530174127628], [-0.009302609086020954, -0.0853479541738603], [0.1264678805421099, -0.11170538589010949], [0.02086684577807064, 0.05453380284635402], [0.265046480903557, -0.0905670721232055]], "0.05": [[-0.3348260414546484, -0.4304374969570298], [0.4107201926182326, -0.1273412846064375], [0.016359073892189605, 0.15355961455678407], [-0.006188537263311476, -0.1870341638049975], [0.1063061999198555, -0.17683335169606693], [-0.1389780491866387, 0.04493279602946354], [0.2089062737819096, -0.14696304754494638]], "0.1": [[-0.35829179768516073, -0.45935883707980296], [0.36439215546069953, -0.10169769657174936], [-0.02023272532261402, 0.15008207527663467], [-0.21472872399365142, -0.07203719038378406], [0.1578886448688038, -0.11386486106394389], [-0.2668608383512217, 0.043114423125092345], [0.15903397467139782, -0.2055939947616026]], "0.15": [[-0.38716592281546347, -0.48992658428734925], [0.332962723844921, -0.09962659844056636], [0.016359073892189605, 0.15355961455678407], [-0.25517375428871014, -0.3076205212381741], [-0.004137529112545221, -0.3202314048927803], [0.02086684577807064, 0.05453380284635402], [0.10750716434108389, -0.26588100348396776]], "0.2": [[-0.4181676501891804, -0.5207837182925825], [0.3456336373514871, -0.20240344248222472], [-0.05713164824115767, 0.06876728553368308], [-0.005587357505722515, -0.4134300489416417], [-0.058677476193949335, -0.10871307690761994], [0.02086684577807064, 0.05453380284635402], [0.27951650796945243, -0.3430657668070357]], "0.25": [[-0.3470852838189707, -0.5358121181770047], [0.43991389686840643, -0.10482641770813568], [-0.08265019808614321, 0.15088491433469745], [-0.005333543134226692, -0.44964481002078016], [0.19099955484262232, -0.4257280526865479], [-0.4789608250270176, 0.03446206099756169], [0.011968792651613285, -0.0878835249101995]], "0.3": [[-0.4747976787570849, -0.5785953296861687], [0.3112598464594976, -0.25461144869543695], [-0.10423125782274703, 0.15325729661683363], [-0.009302609086020954, -0.0853479541738603], [0.1578886448688038, -0.11386486106394389], [0.02086684577807064, 0.05453380284635402], [0.265046480903557, -0.0905670721232055]], "0.35": [[-0.3133648629482859, -0.40604827512839675], [0.29018488089975214, -0.2801480599190993], [-0.13398241270215644, 0.010567515744271613], [-0.009302609086020954, -0.0853479541738603], [0.19140204852358852, -0.48011654705673174], [-0.3071551093699146, -0.3732360603398782], [0.265046480903557, -0.0905670721232055]], "0.4": [[-0.5089480429338331, -0.600912869343179], [0.2628307860303916, -0.29437451164932105], [0.016359073892189605, 0.15355961455678407], [0.0022821759618856232, -0.4508423860620392], [0.18441460636906964, -0.48554841812567406], [-0.5050188332603626, 0.03030457336139053], [0.265046480903557, -0.0905670721232055]]}, "gt_shear": [[-0.32458579221679473, -0.39914990312242216], [0.4803885159979247, -0.1075167637271896], [-0.008636690810060256, 0.1526663845801284], [-0.005651914146430252, -0.12573492223394245], [0.15719029276613516, -0.08969543955585445], [0.037453041875660585, 0.02204800347707723], [0.23702668210148986, -0.07228576448483563]], "obs_shear": [[-0.2260362191637294, -0.2527515267265244], [0.24268678489125994, -0.05687906782189853], [0.004022768688570722, 0.11084436281377125], [0.023269551326979977, 0.0724049907353247], [0.08285571572770462, -0.02893421693645745], [0.04463612968250606, -0.03659804558571313], [0.11574313982914922, -0.030683875039324352]], "rec_err_mean": [[0.017949479291741906, 0.017972206368214633], [0.025437640352639106, 0.017736982384039125], [0.020180331863137762, 0.02246864637800441], [0.051553793237833725, 0.0425720820020394], [0.10762573573214414, 0.042979159099906385], [0.11313672333326837, 0.10543752559111035], [0.0788342916594665, 0.13005687981751177], [0.13036957249271752, 0.11844119288320669], [0.06627002357618864, 0.0632077885920739], [0.10532295528620914, 0.16657171200714654], [0.14750940329088028, 0.16243032343430622]]}