{"seeing_errs": [0.0, 0.005, 0.01, 0.02, 0.05, 0.1, 0.15, 0.2, 0.25, 0.3], "rec_shear": {"0.0": [[-0.3133648629482859, -0.40604827512839675], [0.43991389686840643, -0.10482641770813568], [0.016359073892189605, 0.15355961455678407], [-0.009302609086020954, -0.0853479541738603], [0.1578886448688038, -0.11386486106394389], [0.02086684577807064, 0.05453380284635402], [0.265046480903557, -0.0905670721232055], [0.09647467747617165, -0.07343472213909244], [-0.1260188662942731, -0.05954384517417355], [-0.17473057263113698, 0.4392384220904484], [0.2391230299357701, -0.38540896270875963], [0.3232640878058954, -0.037259467563098184], [-0.2826668162728359, -0.21207292202608644], [0.18694260299845, -0.2467102293331497], [-0.3390148381825291, -0.44560068810591474], [-0.22436016522950947, 0.14998100908062773], [-0.07360173949604693, 0.27077339935260797], [0.1807293414925805, 0.5126664686529838], [0.1987882952621192, 0.06845895656782305], [0.03154794633496287, -0.0072577739253524304], [-0.3609889611181321, 0.18667835677038525], [-0.0403107757803524, 0.6297762753020363], [0.0305524900874894, 0.11012824466613473], [0.1402702985714204, -0.4668015412967773], [0.049793251759630675, 0.17691543469986706], [0.1654103030891185, 0.0632131983611198], [0.29391753714720426, 0.06982214539604086], [-0.336291116107804, 0.05384167620481191], [-0.0246172120533507, 0.09200112198224515], [0.01025366507531394, 0.021121241989093414], [0.06932795913901439, -0.29363140796662185], [-0.4258803021338797, -0.40681399278804375]], "0.005": [[-0.5091510732535, -0.6011190398930768], [0.2628354219789798, -0.29468990041778237], [0.016170756306357417, 0.1537433063910797], [0.002769528430457387, -0.45037308844490775], [0.18445999143071232, -0.4855463975618876], [-0.5052474395584896, 0.031791430912259985], [0.2674043520732417, -0.09129275621367547], [0.09640242623594608, -0.07347603349846453], [-0.32130517676567544, -0.05789119428915555], [-0.1493174584336963, 0.07782133799709715], [-0.11048306120163587, -0.3823231958412419], [0.028762899924391103, -0.0269395005094246], [-0.3230981765875814, -0.42695862511990496], [0.0796958187531612, -0.5697705747585909], [-0.3423326734789208, -0.4482561419263338], [-0.23093904217261674, 0.15457454389152467], [-0.07388341973794246, 0.2714030716485269], [-0.025956641071981527, 0.5441654372561575], [0.19760141454137073, 0.06802551076888397], [0.04452925329773253, -0.4991053591308208], [-0.3626457662128523, 0.18736315284716729], [-0.04135574085875899, 0.6331514902647855], [-0.31089393803434506, -0.24610370643677995], [-0.20275159775374113, -0.35997161942650735], [0.03606784486458803, -0.3601699924678585], [0.16427253166423708, 0.06318066186228839], [0.3014629269485007, -0.22386234594668883], [-0.6323666966539276, -0.27159708116849873], [-0.22592230893638943, -0.044591735814164334], [-0.43778355195188934, -0.049042977668980664], [-0.30140236441417395, -0.4474946622943276], [-0.426755674564107, -0.4075388290837699]], "0.01": [[-0.5093190200528152, -0.6012274934472249], [0.2628380092497659, -0.2950079025271098], [0.01601025057560483, 0.1539292136828857], [0.0034202567730828633, -0.44979932233162556], [0.1844755342697392, -0.48548066224120706], [-0.505382680796945, 0.033077114951501306], [0.2698731829186215, -0.09202821030754335], [0.09633308545609104, -0.07351725352013352], [-0.3216984787196547, -0.05785154602894185], [-0.15028654342220107, 0.07951305150220239], [-0.11244966642844055, -0.3837929882090841], [0.02794072840295318, -0.02617743602416894], [-0.32193351552589683, -0.42263933405094034], [0.0793138816554978, -0.5671889464706369], [-0.3456052602254747, -0.45084674595377566], [-0.23792662388625344, 0.1603125325082419], [-0.07416544615560255, 0.27203354132655444], [-0.0265218282345081, 0.5463930675972967], [0.1964463977725311, 0.06758772518853433], [0.04500024608107599, -0.49130632185694745], [-0.36425088498784336, 0.18800926226253223], [-0.042301538788569876, 0.6365637016901744], [-0.31159805171239435, -0.24691842999466224], [-0.20198643426913337, -0.3604253475112708], [0.03733889938627017, -0.3603907449369684], [0.16311968909649255, 0.06318940709535191], [0.301467953650266, -0.22386529233893415], [-0.6327017440354505, -0.2713124707364459], [-0.2262742549682555, -0.04463589051997506], [-0.43681206661804034, -0.04828994631420729], [-0.29997803343269586, -0.44597593973872374], [-0.4276147977735088, -0.4082631867592944]], "0.02": [[-0.5093602233538432, -0.6014320204936447], [0.26277398747709635, -0.29557920497081447], [0.01569404152711405, 0.15430454669939794], [0.004724730582881257, -0.4487381436109035], [0.18440201338809423, -0.48520896350408915], [-0.5057186178636515, 0.0353784681633707], [0.2749666878357379, -0.09371823068500057], [0.0962144587922709, -0.07360565406609786], [-0.32249953250810665, -0.05777481534471543], [-0.15133461409828258, 0.08328697904623457], [-0.11615194895782774, -0.3867925282803846], [0.026165507440295013, -0.024436393975071205], [-0.31791302332669924, -0.4141760397161223], [0.07864314082822324, -0.5619676634077776], [-0.3519494080109023, -0.45587922176704737], [-0.2514042662476712, 0.17421918886435073], [-0.07477296592475044, 0.27333526685452103], [-0.02704491090251529, 0.550974625779485], [0.19421239145252503, 0.06672617139044588], [0.04562404921368205, -0.47389299309773064], [-0.36754652290140344, 0.18934560091946145], [-0.04396181313854127, 0.6428962829557341], [-0.31294773954231486, -0.24846974922756532], [-0.20050238124666658, -0.3607595645297711], [0.040291580733336836, -0.36083367470237077], [0.1608228710425754, 0.06323791934830966], [0.30147929423682573, -0.22387073130212318], [-0.633346750364953, -0.2707666500228625], [-0.22695418413538962, -0.044734877038243394], [-0.4347395031577913, -0.04676303026727245], [-0.29707396210050313, -0.4429195115853766], [-0.4293652422909876, -0.4096474718362467]], "0.05": [[-0.5070050556828335, -0.5986585401696212], [0.26225036250935635, -0.29683858568044913], [0.014544323754785454, 0.155232263336395], [0.008587153360327515, -0.44542249713244836], [0.18393815123395377, -0.48387964780331877], [-0.5059495342617438, 0.041609005742903944], [0.292217749014814, -0.0984999376460327], [0.09587794238674749, -0.07388209799081671], [-0.3248911441331026, -0.057679021051328994], [-0.15370752868193616, 0.09526400183606959], [-0.1261328754559485, -0.3952838414322834], [0.02065660031599648, -0.017989084954971406], [-0.30663958150280884, -0.3832380191286938], [0.07779397675836738, -0.5444986170463856], [-0.36735922474754684, -0.4687724896045134], [-0.2951378848373507, 0.20827623705692255], [-0.07692259455471641, 0.27747705273788054], [-0.027806202323088558, 0.5597638116352429], [0.18770735996878068, 0.0642892854920888], [0.0490420330943622, -0.41930759437746384], [-0.37652410377798784, 0.1928352089262405], [-0.04931378487678127, 0.661473217159288], [-0.3170253335982795, -0.25305117099655267], [-0.19310762148000818, -0.3571416234343665], [0.046361360673475, -0.3566164075133964], [0.15408288500863832, 0.06393957953548048], [0.3015085727007384, -0.22388876339383734], [-0.635118473765733, -0.2688898335311663], [-0.22832567319671604, -0.04451401147646561], [-0.42626424495096943, -0.041224582168313456], [-0.2871342944986437, -0.43245844814074497], [-0.4348188104245499, -0.4135623375770558]],