{"seeing_errs": [0.005, 0.01, 0.02, 0.05, 0.1, 0.15, 0.2, 0.25, 0.3], "rec_shear": {"0.005": [[-0.5195217624277885, -0.5797306937192754], [0.255581218182265, -0.2752599272323688], [-0.0018512969979447914, 0.16047092297928703], [0.049160706606131005, -0.3005441614072029], [0.18702780836090757, -0.46552245873750775], [-0.4232718967041724, 0.03449565366570118], [0.2815694651911533, -0.09868568784678723], [0.10424042307400022, -0.07018331727867545], [-0.32928579558864307, -0.04563351220181593], [-0.14967141652062885, 0.09373124963061005], [-0.0827125469707057, -0.43908848695078984], [0.026390908643320343, -0.02446195818713018]], "0.01": [[-0.5191416010036018, -0.5805074356467677], [0.2560235478464857, -0.27558086830097406], [-0.0019094028234308176, 0.1607680536309445], [0.05035662906262245, -0.2989451164391833], [0.18768579235887176, -0.4656125839469381], [-0.422320258472316, 0.03538946087204997], [0.28506413971920763, -0.1000343256531778], [0.1042304340147977, -0.07022876674814743], [-0.3295089484154382, -0.04565037482732505], [-0.1505960013700679, 0.09647349364258741], [-0.08300894233414303, -0.4417628884465335], [0.025201580686383018, -0.024091148059783345]], "0.02": [[-0.5183545874350484, -0.5819512728530172], [0.2569752412334797, -0.27619648315583195], [-0.002027162867236688, 0.1613761081264808], [0.05256566144068553, -0.2955043731307157], [0.18896478265054711, -0.46579972644231643], [-0.42036540704771547, 0.03717476856695538], [0.2922225789695402, -0.10293092694246336], [0.10420518996599151, -0.0703181902769179], [-0.3299775592791301, -0.045685374399197475], [-0.1517468608777017, 0.10170693798062343], [-0.08353724234075562, -0.44649353098775146], [0.022629213351854794, -0.02330714981885923]], "0.05": [[-0.5123246039008412, -0.5832302093306623], [0.25960779378877064, -0.2778591116777734], [-0.0024505350178348376, 0.16313703802716076], [0.058839301866115905, -0.28321442833114063], [0.1928168727467728, -0.4663577858177997], [-0.41579180454850095, 0.042010857038203404], [0.3151920821352313, -0.11304906023714391], [0.10411275791867623, -0.07059407408659081], [-0.3313774734506273, -0.045831804090791], [-0.1539500823018064, 0.11915239209812985], [-0.08546279262493056, -0.4596074212761817], [0.018154563988360923, -0.021102037413826068]], "0.1": [[-0.5027655281183844, -0.5800171617671328], [0.26494644206857176, -0.2789252067982988], [-0.003519923250665135, 0.16580915388376918], [0.06617833420243568, -0.2567336725058738], [0.2004181363153719, -0.4628338945314329], [-0.40020941654635717, 0.046712529769164984], [0.36055633635383083, -0.1302087592523447], [0.10394308711534518, -0.07101299453920781], [-0.333897053288912, -0.04601579841173811], [-0.16104770454139367, 0.15544525126865014], [-0.0869409085713514, -0.47717607372340465], [0.013245653307792387, -0.014426696145570139]], "0.15": [[-0.4941203052465092, -0.5737486808682855], [0.2705236218284061, -0.2796047774709065], [-0.0049687737752246875, 0.16834402842735835], [0.06999022449549552, -0.22450528127650812], [0.2066589285752352, -0.4525547802846571], [-0.37357735876863524, 0.054888104677592066], [0.4037376967013826, -0.14449730725174295], [0.10380758069685966, -0.07144436050215872], [-0.3366732792116817, -0.04600552295983122], [-0.16979622931627802, 0.19525871879732323], [-0.08462587725418635, -0.492240868671319], [0.02066680561722653, -0.0027051096994701713]], "0.2": [[-0.4821078007197964, -0.5598135145924332], [0.2751334957892341, -0.2797500416674412], [-0.00659894805969161, 0.1716781215954729], [0.07483489397890498, -0.18583092412694716], [0.20994991460195322, -0.43496376463309194], [-0.3347251454003919, 0.06036003555633043], [0.44112949925029, -0.15197733882626843], [0.1036657195890761, -0.07194076980812311], [-0.3395490946995063, -0.04597416307500673], [-0.17206275701353205, 0.23943637094822093], [-0.07750143455124187, -0.5057927728527494], [0.031488679847768763, 0.00470062859414634]], "0.25": [[-0.46666586657230047, -0.5378134726630289], [0.27969663420472574, -0.27902553263280605], [-0.007961829032928044, 0.17560190685668697], [0.08002735337825793, -0.14221726348161923], [0.21082517475540663, -0.4117840285114517], [-0.2826053923526274, 0.0636069490864636], [0.4595941941098078, -0.14583709430863087], [0.10343739816097945, -0.07253403610302744], [-0.3423380079063459, -0.04579942142289573], [-0.1676382179161878, 0.28819797258744867], [-0.06772144174431623, -0.5132780115554423], [0.05575986680844149, 0.008084343570272424]], "0.3": [[-0.4481571090873405, -0.5110524602235206], [0.28472218599483473, -0.2772726350764534], [-0.00944318208769687, 0.17992513937415025], [0.08943742406401703, -0.10025700655437898], [0.2102107748481715, -0.38656875816996505], [-0.2230503292405204, 0.06586065962562652], [0.4698989833956535, -0.12728876133156727], [0.10330588194306059, -0.07306988199615745], [-0.34534116201361753, -0.04532712525342684], [-0.16157501019337286, 0.33628666245211936], [-0.0564411954905028, -0.5169163917005671], [0.0896349466497508, 0.004239323730401755]]}, "gt_shear": [[-0.32458579221679473, -0.39914990312242216], [0.4803885159979247, -0.1075167637271896], [-0.008636690810060256, 0.1526663845801284], [-0.005651914146430252, -0.12573492223394245], [0.15719029276613516, -0.08969543955585445], [0.037453041875660585, 0.02204800347707723], [0.23702668210148986, -0.07228576448483563], [0.08106747781805827, -0.06865448693459492], [-0.14109789809905224, -0.025313715871865792], [-0.16722081991819004, 0.419309862751742], [0.24725131947290155, -0.3985440412968449], [0.31457656045758264, -0.017207829702978756]], "obs_shear": [[-0.2260362191637294, -0.2527515267265244], [0.24268678489125994, -0.05687906782189853], [0.004022768688570722, 0.11084436281377125], [0.023269551326979977, 0.0724049907353247], [0.08285571572770462, -0.02893421693645745], [0.04463612968250606, -0.03659804558571313], [0.11574313982914922, -0.030683875039324352], [0.08497055446388974, -0.08339665199964405], [-0.15670315264666151, -0.009708281983452709], [-0.07164556240154928, 0.23901786811163153], [0.1028460709600148, -0.23129333899756638], [0.12218227737984297, -0.06365812088859414]], "rec_err_mean": [[0.15529219035471353, 0.1117365115283283], [0.15564974436098758, 0.11188251139110374], [0.15641877087303008, 0.11212696454032427], [0.15849711948101194, 0.11227783691609595], [0.16102998308506541, 0.11004013041150938], [0.16104977990718716, 0.10706484592196096], [0.15900618466240318, 0.10068783096247959], [0.1519336497242478, 0.09019102956457015], [0.1435242697824768, 0.08144629825943232]]}