{"seeing_errs": [0.0, 0.005, 0.01, 0.02, 0.05, 0.1, 0.15, 0.2, 0.25, 0.3], "rec_shear": {"0.0": [[-0.3133648629482859, -0.40604827512839675], [0.43991389686840643, -0.10482641770813568], [0.016359073892189605, 0.15355961455678407], [-0.009302609086020954, -0.0853479541738603], [0.1578886448688038, -0.11386486106394389], [0.02086684577807064, 0.05453380284635402], [0.265046480903557, -0.0905670721232055]], "0.005": [[-0.5091510732535, -0.6011190398930768], [0.2628354219789798, -0.29468990041778237], [0.016170756306357417, 0.1537433063910797], [0.002769528430457387, -0.45037308844490775], [0.18445999143071232, -0.4855463975618876], [-0.5052474395584896, 0.031791430912259985], [0.2674043520732417, -0.09129275621367547]], "0.01": [[-0.5093190200528152, -0.6012274934472249], [0.2628380092497659, -0.2950079025271098], [0.01601025057560483, 0.1539292136828857], [0.0034202567730828633, -0.44979932233162556], [0.1844755342697392, -0.48548066224120706], [-0.505382680796945, 0.033077114951501306], [0.2698731829186215, -0.09202821030754335]], "0.02": [[-0.5093602233538432, -0.6014320204936447], [0.26277398747709635, -0.29557920497081447], [0.01569404152711405, 0.15430454669939794], [0.004724730582881257, -0.4487381436109035], [0.18440201338809423, -0.48520896350408915], [-0.5057186178636515, 0.0353784681633707], [0.2749666878357379, -0.09371823068500057]], "0.05": [[-0.5070050556828335, -0.5986585401696212], [0.26225036250935635, -0.29683858568044913], [0.014544323754785454, 0.155232263336395], [0.008587153360327515, -0.44542249713244836], [0.18393815123395377, -0.48387964780331877], [-0.5059495342617438, 0.041609005742903944], [0.292217749014814, -0.0984999376460327]], "0.1": [[-0.5003278992184919, -0.5935375237446919], [0.26110089612359483, -0.29822408864199546], [0.012267578559962565, 0.15681436603147633], [0.01636138062523208, -0.43697452434113593], [0.18565923932219544, -0.478783034644408], [-0.5020339264899392, 0.05035031085994917], [0.3241882815799986, -0.11143083978485349]], "0.15": [[-0.4911208207102833, -0.584098170238902], [0.26182735992347284, -0.2978881538484086], [0.00999318492611097, 0.15773467252914455], [0.022385117819884833, -0.4250260596799766], [0.1876129135705342, -0.46888851802370346], [-0.48895233722408604, 0.05524544137837704], [0.3637628248955444, -0.1273681569559499]], "0.2": [[-0.4801634283072581, -0.5677737300189338], [0.26468309712027394, -0.29643436175932597], [0.007780735607216006, 0.15849824362513348], [0.035334173487819955, -0.40528006377633435], [0.18716138786283273, -0.4572284023611948], [-0.46287265176363246, 0.05600888271432903], [0.40470864143129387, -0.13698431409052125]], "0.25": [[-0.4635632729914551, -0.5454257496429584], [0.2685926047651955, -0.2941063804005743], [0.006238213516017573, 0.15939288618526642], [0.051007555373811284, -0.380692615896196], [0.18517906935214865, -0.4450242117031508], [-0.43185319404654227, 0.06083226848928303], [0.4330704861160769, -0.14072059979013096]], "0.3": [[-0.44197871462224964, -0.5182797105726046], [0.2734400696746857, -0.29040970393204363], [0.004818985734351901, 0.16103916289896242], [0.06376680010703126, -0.3592443907131589], [0.18280242453535714, -0.4314737052819192], [-0.38898310482760806, 0.07388076170760358], [0.4366705181437587, -0.1285651929882145]]}, "gt_shear": [[-0.32458579221679473, -0.39914990312242216], [0.4803885159979247, -0.1075167637271896], [-0.008636690810060256, 0.1526663845801284], [-0.005651914146430252, -0.12573492223394245], [0.15719029276613516, -0.08969543955585445], [0.037453041875660585, 0.02204800347707723], [0.23702668210148986, -0.07228576448483563]], "obs_shear": [[-0.2260362191637294, -0.2527515267265244], [0.24268678489125994, -0.05687906782189853], [0.004022768688570722, 0.11084436281377125], [0.023269551326979977, 0.0724049907353247], [0.08285571572770462, -0.02893421693645745], [0.04463612968250606, -0.03659804558571313], [0.11574313982914922, -0.030683875039324352]], "rec_err_mean": [[0.017949479291741906, 0.017972206368214633], [0.147956444974205, 0.16277981980760284], [0.14842433026895696, 0.16306467690109255], [0.14934567468855456, 0.1636089138493959], [0.1519027143635368, 0.16443475661853132], [0.15615211505969726, 0.1652882152667229], [0.1593324621383753, 0.16387885592471604], [0.16095218815506218, 0.1584444024520461], [0.15937808319664465, 0.1510139329894443], [0.15127255343447527, 0.1419707781304367]]}