{"seeing_errs": [0.005, 0.01, 0.02, 0.05, 0.1, 0.15, 0.2, 0.25, 0.3], "rec_shear": {"0.005": [[-0.2030091428297478, -0.20090119777978163], [0.3733650489923013, 0.04781326735097554], [0.018971380035554517, 0.16145441666332075], [0.09376880793228083, 0.38056884080187214], [0.11287076374178628, 0.021545110882256666], [0.40310123873249104, -0.1828538960150853], [0.2165459445213672, -0.04794183518800767], [0.080929693173679, -0.1252651855070812], [-0.17678945058005366, -0.030105968175007252], [-0.06630144567231941, 0.41683571617879456], [0.24736377050978203, -0.40587778916804], [0.27569369462684434, -0.054887240564800016]], "0.01": [[-0.20310932367968454, -0.20251551457843123], [0.3735236319384712, 0.048555374446201165], [0.019166901961781706, 0.16160697960437498], [0.09376583795025886, 0.38292791739777454], [0.11237975105990555, 0.022741875472601945], [0.4060555388248234, -0.18235156531605617], [0.21873001835575795, -0.0477211759890173], [0.0809838361114523, -0.12527732488295545], [-0.1769486338068794, -0.030202345993318922], [-0.06529405710877974, 0.4194161628998741], [0.24939338563861002, -0.4079316918496658], [0.27539258144705375, -0.053982300994739295]], "0.02": [[-0.20316008614503564, -0.2059080022505078], [0.3738828936456572, 0.04993349443927326], [0.01939963902305019, 0.16165161027729097], [0.09404620537304875, 0.38782023052926606], [0.11172882226857747, 0.02527685946749297], [0.4121532456235238, -0.18092375898518295], [0.22415702924889178, -0.04835006476717479], [0.08110826739934883, -0.12528589923219927], [-0.17723835234233667, -0.03040631700332742], [-0.0638048652731608, 0.4248373473105088], [0.2537802381487972, -0.41260921428263997], [0.274325349494348, -0.05261903467835366]], "0.05": [[-0.20414652145193699, -0.21634918762898234], [0.3744396553994863, 0.053657435709143754], [0.02028238096904006, 0.1606683409812528], [0.09589466697367303, 0.4017149776485677], [0.10843822615338912, 0.034456342375214985], [0.42855371245051327, -0.17692982129705676], [0.2395243109149888, -0.05717225371360989], [0.0815609055802239, -0.12529080712430138], [-0.1783319780794903, -0.030949314549686604], [-0.06111076509681559, 0.43929534948710014], [0.2659573299800467, -0.423868946448276], [0.2720915835708044, -0.05274881233810905]], "0.1": [[-0.20962659869068237, -0.23296138720542486], [0.37499782798449954, 0.05931124418689447], [0.020533923424038324, 0.1591489288691525], [0.09936566664721466, 0.42525317456626016], [0.1040669548480708, 0.047545324996578396], [0.454186344868182, -0.1711627407095018], [0.27961115526709884, -0.065546032058571], [0.0821492686754495, -0.1253531547041086], [-0.18041275871775833, -0.03164485618235792], [-0.0601750600791623, 0.45789128780861743], [0.2894872214407312, -0.43763817922813897], [0.2967435988592362, -0.05569319859176197]], "0.15": [[-0.21966615068662768, -0.24277075633644676], [0.3743571314340237, 0.06547310291205218], [0.019092689212423793, 0.1589017931358854], [0.10145982464784936, 0.45002902962596125], [0.10150376767660577, 0.0638176409612055], [0.47932415692867264, -0.16452894883639368], [0.32162899793568756, -0.0667719586723343], [0.08272531105907531, -0.12553586492605887], [-0.18289457191664377, -0.032995574676544744], [-0.06719375076735913, 0.4801642606678758], [0.31361104569906495, -0.4402352419438002], [0.35107136840923225, -0.06555159227233265]], "0.2": [[-0.2284237951036337, -0.24748461742938646], [0.37403529129075913, 0.07263372793513612], [0.01698677379009187, 0.16007493640645976], [0.10252012802895957, 0.47391765148641407], [0.09780805802699094, 0.08227968758060321], [0.5016436402613261, -0.16163734773864183], [0.36473310272771187, -0.06696522321147604], [0.08327330852914179, -0.12566577207443347], [-0.1857561445870126, -0.03421783645033817], [-0.07472526988339068, 0.5165399561200266], [0.3406658830764267, -0.43734718862935734], [0.40463039075224166, -0.07948022947832817]], "0.25": [[-0.2329442881935259, -0.2529239031429056], [0.3752351782619701, 0.07986554611783739], [0.014435696469502522, 0.16351861059973224], [0.10209932170342972, 0.49847098094399966], [0.09464184931411787, 0.10293894416047937], [0.5164355111194755, -0.1618932765319189], [0.38356220196091534, -0.08004555120915448], [0.08415495778390035, -0.12554988042834503], [-0.18788396024774295, -0.03485010345220447], [-0.07881699190467478, 0.5577248602451824], [0.36112753981824974, -0.43288259820028013], [0.4345449277226747, -0.0890933996673363]], "0.3": [[-0.23668496521982638, -0.2540754580054997], [0.3774310687940516, 0.08702391307921085], [0.011870578140712669, 0.16848410315290166], [0.10163843052813354, 0.5218441006789387], [0.09108221783780969, 0.12385764168773898], [0.5268715207779169, -0.16022344669265495], [0.3750928789881979, -0.08378227420670013], [0.08514297560912723, -0.12533209380224114], [-0.18897896248842933, -0.03478321275548449], [-0.08499388934348308, 0.6030766914510048], [0.3804142359196009, -0.4215156479133114], [0.45082102784380323, -0.0892280933885079]]}, "gt_shear": [[-0.32458579221679473, -0.39914990312242216], [0.4803885159979247, -0.1075167637271896], [-0.008636690810060256, 0.1526663845801284], [-0.005651914146430252, -0.12573492223394245], [0.15719029276613516, -0.08969543955585445], [0.037453041875660585, 0.02204800347707723], [0.23702668210148986, -0.07228576448483563], [0.08106747781805827, -0.06865448693459492], [-0.14109789809905224, -0.025313715871865792], [-0.16722081991819004, 0.419309862751742], [0.24725131947290155, -0.3985440412968449], [0.31457656045758264, -0.017207829702978756]], "obs_shear": [[-0.2260362191637294, -0.2527515267265244], [0.24268678489125994, -0.05687906782189853], [0.004022768688570722, 0.11084436281377125], [0.023269551326979977, 0.0724049907353247], [0.08285571572770462, -0.02893421693645745], [0.04463612968250606, -0.03659804558571313], [0.11574313982914922, -0.030683875039324352], [0.08497055446388974, -0.08339665199964405], [-0.15670315264666151, -0.009708281983452709], [-0.07164556240154928, 0.23901786811163153], [0.1028460709600148, -0.23129333899756638], [0.12218227737984297, -0.06365812088859414]], "rec_err_mean": [[0.08015178341809737, 0.10983726391237547], [0.08053829877219165, 0.1099576103127734], [0.08125620274861413, 0.11098668122091827], [0.08368605835179159, 0.11339943183994028], [0.08954087212706474, 0.11723909550354523], [0.09785735093956861, 0.12270206753437467], [0.10920150028991062, 0.13033991406017023], [0.11565057126519936, 0.1386727329089217], [0.11798662626096175, 0.14626989227472423]]}