{"seeing_errs": [0.0, 0.005, 0.01, 0.02, 0.05, 0.1, 0.15, 0.2, 0.25, 0.3], "rec_shear": {"0.0": [[-0.33339435008182794, -0.3694544681549777], [0.3939411781398415, -0.09266165759121336], [0.018757621743923352, 0.16129105151263595], [0.11039925232367967, 0.13260870309526013], [0.2639636784511791, -0.20517751589109232], [0.08875981349918213, 0.04828898125821167], [0.2143400705506031, -0.048021244884104565], [0.08087538815623121, -0.12525109813292748], [-0.20459159115741257, -0.06275336604735267], [-0.15549186700356113, 0.5008804875323747], [0.19137900781672304, -0.5097848255327684], [0.19202174582463002, -0.07536669818241291], [-0.379884313663567, -0.22703140932319335], [0.06250614167872127, -0.0658791829955815], [-0.19080557793315864, -0.4194976297881794], [-0.07288110107390869, 0.08774883018493625], [-0.0694187181609445, 0.28784007863689487], [0.22559971169445828, 0.49258252503151145], [0.23703682527906902, 0.09053914798822212], [0.06859227711960669, 0.053453634542985275], [-0.28877888659792117, 0.10817978405999287], [0.025463269316796915, 0.56257205172716], [0.06150517463470122, 0.0010221757048052575], [0.20649461169748778, -0.37328338915395787], [0.07056667429581444, 0.17152692126119035], [0.13368263697924634, 0.043740421480854184], [0.28325144151332143, 0.03740011915528976], [-0.4045641270072135, -0.00657433671463263], [-0.07508012875516178, 0.09543341626980455], [0.04177745347494233, -0.013811965657439222], [-0.034502607101926534, -0.2125685921258197], [-0.36805029887645996, -0.3448217476272364]], "0.005": [[-0.2030091428297478, -0.20090119777978163], [0.3733650489923013, 0.04781326735097554], [0.018971380035554517, 0.16145441666332075], [0.09376880793228083, 0.38056884080187214], [0.11287076374178628, 0.021545110882256666], [0.40310123873249104, -0.1828538960150853], [0.2165459445213672, -0.04794183518800767], [0.080929693173679, -0.1252651855070812], [-0.17678945058005366, -0.030105968175007252], [-0.06630144567231941, 0.41683571617879456], [0.24736377050978203, -0.40587778916804], [0.27569369462684434, -0.054887240564800016], [-0.25353521979116905, -0.19943871226979537], [0.008559391286867144, -0.03888226413726814], [-0.18706682963578813, -0.41768442965266195], [-0.06973726982668028, 0.07790196237483146], [-0.06967626282737811, 0.28903693681896475], [0.2735525077774206, 0.3755454712308812], [0.2364448228816148, 0.09042266119368896], [0.13759179759650036, 0.0627632645043778], [-0.28981159731035955, 0.11003840950499917], [0.025864507605784518, 0.5635849042415424], [0.38880406685549657, 0.39472388774485306], [0.1569635213537675, -0.15204538756790187], [-0.0495649095729157, 0.22444073695885167], [0.1330245497714774, 0.044256913720687824], [0.15684448130479767, 0.17152269388057964], [-0.10407485156302176, 0.11894920395402661], [0.009880338371265009, 0.18131083950646298], [0.18159079011813975, -0.0430026101573652], [0.3124165195750843, 0.2583577067108556], [-0.36773881611527526, -0.3450709803640411]], "0.01": [[-0.20310932367968454, -0.20251551457843123], [0.3735236319384712, 0.048555374446201165], [0.019166901961781706, 0.16160697960437498], [0.09376583795025886, 0.38292791739777454], [0.11237975105990555, 0.022741875472601945], [0.4060555388248234, -0.18235156531605617], [0.21873001835575795, -0.0477211759890173], [0.0809838361114523, -0.12527732488295545], [-0.1769486338068794, -0.030202345993318922], [-0.06529405710877974, 0.4194161628998741], [0.24939338563861002, -0.4079316918496658], [0.27539258144705375, -0.053982300994739295], [-0.2563318029749893, -0.2003180053121804], [0.010043341495967069, -0.03425464318168715], [-0.18415556938281838, -0.41696957222825093], [-0.06550649798906265, 0.06759060141328675], [-0.06996928492844992, 0.29019933902995687], [0.27549184784806197, 0.3743098400079135], [0.23578538622169598, 0.09030544295845], [0.1368504608958035, 0.05833292173019316], [-0.29105077462879736, 0.11177055036705716], [0.026366570181173922, 0.564568532904406], [0.38839690576515473, 0.39425043320635716], [0.15848741649675935, -0.15167999568532314], [-0.05076989803667927, 0.22966361547612218], [0.132244545574902, 0.044853833405088916], [0.15684055829985746, 0.1715314320744164], [-0.10508065283037425, 0.11830932701160465], [0.010672968634101474, 0.1814895879635455], [0.1829041776865189, -0.04346186063810822], [0.3134603981277968, 0.2597306650760323], [-0.3674305893946183, -0.34534300546679025]], "0.02": [[-0.20316008614503564, -0.2059080022505078], [0.3738828936456572, 0.04993349443927326], [0.01939963902305019, 0.16165161027729097], [0.09404620537304875, 0.38782023052926606], [0.11172882226857747, 0.02527685946749297], [0.4121532456235238, -0.18092375898518295], [0.22415702924889178, -0.04835006476717479], [0.08110826739934883, -0.12528589923219927], [-0.17723835234233667, -0.03040631700332742], [-0.0638048652731608, 0.4248373473105088], [0.2537802381487972, -0.41260921428263997], [0.274325349494348, -0.05261903467835366], [-0.25960974123736164, -0.19942510257816867], [0.013473111636387251, -0.02474527686426882], [-0.17650228272137114, -0.4184426681448069], [-0.05740540722136572, 0.051538354986047745], [-0.0704645486656981, 0.2925003181899641], [0.2794199002139404, 0.37224956789013597], [0.23439747675894582, 0.09000781123203863], [0.13568315387260188, 0.050253917425500894], [-0.29387346940479186, 0.11488004118271701], [0.027190587019392743, 0.5666118306137172], [0.3875811142814005, 0.3932990386325871], [0.1610194556026746, -0.15299332886194542], [-0.05151511489143508, 0.24027490476614355], [0.13096294206091816, 0.04645150938691188], [0.15683292980039257, 0.17155140488776796], [-0.10708678528524046, 0.11702945543920114], [0.012207048228472734, 0.18181136456694044], [0.1860066148252331, -0.044728491097348416], [0.31550577246204575, 0.26244394485514977], [-0.36683464364472756, -0.3460015000955697]], "0.05": [[-0.20414652145193699, -0.21634918762898234], [0.3744396553994863, 0.053657435709143754], [0.02028238096904006, 0.1606683409812528], [0.09589466697367303, 0.4017149776485677], [0.10843822615338912, 0.034456342375214985], [0.42855371245051327, -0.17692982129705676], [0.2395243109149888, -0.05717225371360989], [0.0815609055802239, -0.12529080712430138], [-0.1783319780794903, -0.030949314549686604], [-0.06111076509681559, 0.43929534948710014], [0.2659573299800467, -0.423868946448276], [0.2720915835708044, -0.05274881233810905], [-0.2608583420437699, -0.20164387811022724], [0.015581604861164102, 0.010703052927712845], [-0.15844654103397224, -0.418796152067346], [-0.02797488229689883, 0.023488540805184636], [-0.07238834998081314, 0.29992844635453286], [0.2896248527940483, 0.3664832434287388], [0.22995025079970105, 0.0887638326517238], [0.13098049343022822, 0.02755291714041143], [-0.30205540424692395, 0.12269942743059752], [0.02886413182711574, 0.5724418789054497], [0.38513084299387595, 0.3904703886897916], [0.17556729352447206, -0.15564435331432147], [-0.05038530488558091, 0.2753683135770907], [0.12675438390674365, 0.05098307580631534], [0.1568099711638567, 0.17160896170340795], [-0.11286889907989682, 0.11310986708573102], [0.017189200273661897, 0.18243246203593333], [0.20309725585642083, -0.052428289980344746], [0.32229216384144743, 0.2702990490774741], [-0.3648035975701982, -0.3483699134191909]],