{"seeing_errs": [0.0, 0.005, 0.01, 0.02, 0.05, 0.1, 0.15, 0.2, 0.25, 0.3], "rec_shear": {"0.0": [[-0.33339435008182794, -0.3694544681549777], [0.3939411781398415, -0.09266165759121336], [0.018757621743923352, 0.16129105151263595], [0.11039925232367967, 0.13260870309526013], [0.2639636784511791, -0.20517751589109232], [0.08875981349918213, 0.04828898125821167], [0.2143400705506031, -0.048021244884104565]], "0.005": [[-0.2030091428297478, -0.20090119777978163], [0.3733650489923013, 0.04781326735097554], [0.018971380035554517, 0.16145441666332075], [0.09376880793228083, 0.38056884080187214], [0.11287076374178628, 0.021545110882256666], [0.40310123873249104, -0.1828538960150853], [0.2165459445213672, -0.04794183518800767]], "0.01": [[-0.20310932367968454, -0.20251551457843123], [0.3735236319384712, 0.048555374446201165], [0.019166901961781706, 0.16160697960437498], [0.09376583795025886, 0.38292791739777454], [0.11237975105990555, 0.022741875472601945], [0.4060555388248234, -0.18235156531605617], [0.21873001835575795, -0.0477211759890173]], "0.02": [[-0.20316008614503564, -0.2059080022505078], [0.3738828936456572, 0.04993349443927326], [0.01939963902305019, 0.16165161027729097], [0.09404620537304875, 0.38782023052926606], [0.11172882226857747, 0.02527685946749297], [0.4121532456235238, -0.18092375898518295], [0.22415702924889178, -0.04835006476717479]], "0.05": [[-0.20414652145193699, -0.21634918762898234], [0.3744396553994863, 0.053657435709143754], [0.02028238096904006, 0.1606683409812528], [0.09589466697367303, 0.4017149776485677], [0.10843822615338912, 0.034456342375214985], [0.42855371245051327, -0.17692982129705676], [0.2395243109149888, -0.05717225371360989]], "0.1": [[-0.20962659869068237, -0.23296138720542486], [0.37499782798449954, 0.05931124418689447], [0.020533923424038324, 0.1591489288691525], [0.09936566664721466, 0.42525317456626016], [0.1040669548480708, 0.047545324996578396], [0.454186344868182, -0.1711627407095018], [0.27961115526709884, -0.065546032058571]], "0.15": [[-0.21966615068662768, -0.24277075633644676], [0.3743571314340237, 0.06547310291205218], [0.019092689212423793, 0.1589017931358854], [0.10145982464784936, 0.45002902962596125], [0.10150376767660577, 0.0638176409612055], [0.47932415692867264, -0.16452894883639368], [0.32162899793568756, -0.0667719586723343]], "0.2": [[-0.2284237951036337, -0.24748461742938646], [0.37403529129075913, 0.07263372793513612], [0.01698677379009187, 0.16007493640645976], [0.10252012802895957, 0.47391765148641407], [0.09780805802699094, 0.08227968758060321], [0.5016436402613261, -0.16163734773864183], [0.36473310272771187, -0.06696522321147604]], "0.25": [[-0.2329442881935259, -0.2529239031429056], [0.3752351782619701, 0.07986554611783739], [0.014435696469502522, 0.16351861059973224], [0.10209932170342972, 0.49847098094399966], [0.09464184931411787, 0.10293894416047937], [0.5164355111194755, -0.1618932765319189], [0.38356220196091534, -0.08004555120915448]], "0.3": [[-0.23668496521982638, -0.2540754580054997], [0.3774310687940516, 0.08702391307921085], [0.011870578140712669, 0.16848410315290166], [0.10163843052813354, 0.5218441006789387], [0.09108221783780969, 0.12385764168773898], [0.5268715207779169, -0.16022344669265495], [0.3750928789881979, -0.08378227420670013]]}, "gt_shear": [[-0.32458579221679473, -0.39914990312242216], [0.4803885159979247, -0.1075167637271896], [-0.008636690810060256, 0.1526663845801284], [-0.005651914146430252, -0.12573492223394245], [0.15719029276613516, -0.08969543955585445], [0.037453041875660585, 0.02204800347707723], [0.23702668210148986, -0.07228576448483563]], "obs_shear": [[-0.2260362191637294, -0.2527515267265244], [0.24268678489125994, -0.05687906782189853], [0.004022768688570722, 0.11084436281377125], [0.023269551326979977, 0.0724049907353247], [0.08285571572770462, -0.02893421693645745], [0.04463612968250606, -0.03659804558571313], [0.11574313982914922, -0.030683875039324352]], "rec_err_mean": [[0.05992402051523745, 0.06821520101174774], [0.1122967675397569, 0.17273670153813062], [0.11246748569517416, 0.17310163338439336], [0.11267101498209073, 0.17358747124314525], [0.11417202146622821, 0.17395284124140525], [0.12385417009192512, 0.17538262944079777], [0.13256458584108155, 0.17956745892627285], [0.14108428319241434, 0.18569398893251224], [0.14509784249198626, 0.19328598421024834], [0.14460694836335258, 0.20147612922059535]]}