{"seeing_errs": [0.005, 0.01, 0.02, 0.05, 0.1, 0.15, 0.2, 0.25, 0.3], "rec_shear": {"0.005": [[0.10301491826449732, 0.11527512950834483], [0.09541683090395989, 0.17237089347808593], [-0.008489524259249624, 0.17315109756858], [0.005105711105597768, 0.09629104725594982], [-0.1889655476463585, 0.8365290662118852], [0.7542268640204033, -0.017010668721909414], [0.24870033844592618, -0.10974249947034985], [0.1162509916373596, -0.08396012753499965], [0.17112419264259318, 0.028726511269416426], [-0.4000231064559762, -0.09113255737357163], [-0.22579468271890143, -0.6028789056074763], [-0.1985750639049642, -0.04893747568166085]], "0.01": [[0.10558488026569188, 0.1196602878858933], [0.05084296658256271, 0.0896744395688306], [-0.008595983370462315, 0.1734079494549293], [0.0062913650192129135, 0.09751321055200388], [-0.1645102879266929, 0.7403780070915141], [0.709241041206279, -0.01709698791501133], [0.25093715890968715, -0.11061086126402092], [0.11619314230532336, -0.08397344203179544], [0.16913828277802487, 0.028403180713307392], [-0.44674818628812973, -0.13197599976045907], [-0.23456770436928193, -0.6121265503789615], [-0.21318945297492503, -0.04911819861213951]], "0.02": [[0.1116746425523979, 0.12839511567279108], [0.047486627112816635, 0.09074287344719478], [-0.008810410701073629, 0.17392545475459714], [0.009955822590668626, 0.09446723883960621], [-0.12314372266121966, 0.5748733235878354], [0.6719955635399104, -0.016692318838950188], [0.25555615378054297, -0.11240302625496786], [0.116077896607162, -0.08399995660771699], [0.26697734191686723, 0.044111189292424316], [-0.620311855165555, -0.2729238317861082], [-0.25165681257845907, -0.628356708099136], [-0.2483097025566084, -0.049866377018609]], "0.05": [[-0.2260362191637294, -0.2527515267265244], [0.04769798921260796, 0.09881628988106898], [-0.00946583506470984, 0.175509346338453], [0.010323910941670088, 0.11030417219709421], [-0.06820733676411353, 0.3530087377735694], [0.4964700807641708, -0.010928619525060614], [0.2706963366708573, -0.11826939670363044], [0.11305140297510222, -0.08264487427506122], [0.4955066298727236, 0.07947142176305474], [0.5913332702577017, 0.5865429962841393], [-0.33416339417572377, -0.7271936633049759], [-0.30680983821219454, -0.04288011245055631]], "0.1": [[-0.2260362191637294, -0.2527515267265244], [0.07168561456989077, 0.1520008250625376], [-0.010185835619524498, 0.17844553985768227], [0.021360919792520746, 0.08006531865892151], [-0.23813884937555063, 1.08889049522158], [0.613224288837676, -0.015150558168290753], [0.30122847300032185, -0.13007006623970083], [0.1114022624738464, -0.08214998966173356], [0.4040748041592692, 0.06551782208900377], [0.04465896509086915, 0.13425382318415288], [-0.6627105056788232, -1.1485700379981802], [-0.8097462576923907, -0.046021561266930855]], "0.15": [[-0.2260362191637294, -0.2527515267265244], [0.14935863466573576, 0.35840947864357703], [-0.0113257856539192, 0.18120807010548132], [-0.014470553223682864, 0.12476362840756505], [-0.08971412687582153, 0.46344274430320775], [0.6202878522574096, -0.022895436734923613], [0.3314217620123286, -0.14728246839896023], [0.11084343397302417, -0.08230655514591421], [0.3364245733652507, 0.05510397653412868], [0.03627034181670979, 0.14579680280447432], [-0.7505311277820502, -1.2094191196390935], [0.6705006291069036, -0.007192964340275997]], "0.2": [[-0.2260362191637294, -0.2527515267265244], [0.13383267458274445, 0.27066710741617056], [-0.012518749433176038, 0.1841055613538277], [0.011912559611221086, 0.11219560946753565], [-0.21559022188537644, 1.0494883305035454], [0.4721893256971657, -0.021331559970226906], [0.3723845761507472, -0.17171207041624817], [0.11030348251456039, -0.082459207113934], [0.2846536549474413, 0.047054586308985874], [0.128573803675918, 0.41112394712009653], [4.239795819485721, 5.387887318412522], [-6.923149566966277, 0.21068694650546083]], "0.25": [[-0.2260362191637294, -0.2527515267265244], [0.11696419120767064, 0.2654905174154686], [-0.013769243564328229, 0.18715035825753248], [0.036217727530144676, 0.08181137110020387], [-0.14824437390852055, 0.7708707898779663], [0.33999911044843295, -0.01826508884083581], [0.4377118101149773, -0.20005742205499472], [0.10978114941683392, -0.08260802567773358], [0.24405248362764775, 0.040671019374505096], [0.01392886254738774, 0.14928497163283141], [-3.0653113098957814, -3.887127731251255], [1.7018477645920258, -0.0957220433997779]], "0.3": [[-0.2260362191637294, -0.2527515267265244], [0.13592402728865471, 0.21049852300572683], [-0.015082403785058157, 0.19035665864250548], [0.013063948934979714, 0.13508350264616936], [-0.017407758197313692, 0.1037996657719107], [0.4070168929555583, -0.019163036776114264], [0.5330435980778903, -0.24135172102683994], [0.10927539020419816, -0.0827531156637025], [1.8945235119847454, 0.28821305946088294], [0.0031467400743996577, 0.18398765015424312], [1.852944615366127, 1.9456944690267026], [0.6120385435587314, -0.056738865263143826]]}, "gt_shear": [[-0.32458579221679473, -0.39914990312242216], [0.4803885159979247, -0.1075167637271896], [-0.008636690810060256, 0.1526663845801284], [-0.005651914146430252, -0.12573492223394245], [0.15719029276613516, -0.08969543955585445], [0.037453041875660585, 0.02204800347707723], [0.23702668210148986, -0.07228576448483563], [0.08106747781805827, -0.06865448693459492], [-0.14109789809905224, -0.025313715871865792], [-0.16722081991819004, 0.419309862751742], [0.24725131947290155, -0.3985440412968449], [0.31457656045758264, -0.017207829702978756]], "obs_shear": [[-0.2260362191637294, -0.2527515267265244], [0.24268678489125994, -0.05687906782189853], [0.004022768688570722, 0.11084436281377125], [0.023269551326979977, 0.0724049907353247], [0.08285571572770462, -0.02893421693645745], [0.04463612968250606, -0.03659804558571313], [0.11574313982914922, -0.030683875039324352], [0.08497055446388974, -0.08339665199964405], [-0.15670315264666151, -0.009708281983452709], [-0.07164556240154928, 0.23901786811163153], [0.1028460709600148, -0.23129333899756638], [0.12218227737984297, -0.06365812088859414]], "rec_err_mean": [[0.28870716866107093, 0.2379513402852451], [0.29279779286197555, 0.22777910158079814], [0.3146934065142509, 0.229180626495054], [0.3246727539826977, 0.14780070683394722], [0.36606571237140956, 0.2566072473378829], [0.2858098002916126, 0.22940966226568713], [1.1158732873454225, 0.6820522224468496], [0.5510407937357714, 0.4755956643859691], [0.45380888477461595, 0.34278430222811096]]}