{"seeing_errs": [0.0, 0.005, 0.01, 0.02, 0.05, 0.1, 0.15, 0.2, 0.25, 0.3], "rec_shear": {"0.0": [[-0.33902427458223766, -0.44600070672500575], [0.4119406885913514, -0.141446518819297], [-0.008383545859448218, 0.17289551801524222], [-0.06948128017727573, -0.09865080861705308], [0.17386725757973426, -0.08675437108226805], [-0.0015205435225413464, 0.03823134869888582], [0.246509960882356, -0.1088918780365554]], "0.005": [[0.10301491826449732, 0.11527512950834483], [0.09541683090395989, 0.17237089347808593], [-0.008489524259249624, 0.17315109756858], [0.005105711105597768, 0.09629104725594982], [-0.1889655476463585, 0.8365290662118852], [0.7542268640204033, -0.017010668721909414], [0.24870033844592618, -0.10974249947034985]], "0.01": [[0.10558488026569188, 0.1196602878858933], [0.05084296658256271, 0.0896744395688306], [-0.008595983370462315, 0.1734079494549293], [0.0062913650192129135, 0.09751321055200388], [-0.1645102879266929, 0.7403780070915141], [0.709241041206279, -0.01709698791501133], [0.25093715890968715, -0.11061086126402092]], "0.02": [[0.1116746425523979, 0.12839511567279108], [0.047486627112816635, 0.09074287344719478], [-0.008810410701073629, 0.17392545475459714], [0.009955822590668626, 0.09446723883960621], [-0.12314372266121966, 0.5748733235878354], [0.6719955635399104, -0.016692318838950188], [0.25555615378054297, -0.11240302625496786]], "0.05": [[-0.2260362191637294, -0.2527515267265244], [0.04769798921260796, 0.09881628988106898], [-0.00946583506470984, 0.175509346338453], [0.010323910941670088, 0.11030417219709421], [-0.06820733676411353, 0.3530087377735694], [0.4964700807641708, -0.010928619525060614], [0.2706963366708573, -0.11826939670363044]], "0.1": [[-0.2260362191637294, -0.2527515267265244], [0.07168561456989077, 0.1520008250625376], [-0.010185835619524498, 0.17844553985768227], [0.021360919792520746, 0.08006531865892151], [-0.23813884937555063, 1.08889049522158], [0.613224288837676, -0.015150558168290753], [0.30122847300032185, -0.13007006623970083]], "0.15": [[-0.2260362191637294, -0.2527515267265244], [0.14935863466573576, 0.35840947864357703], [-0.0113257856539192, 0.18120807010548132], [-0.014470553223682864, 0.12476362840756505], [-0.08971412687582153, 0.46344274430320775], [0.6202878522574096, -0.022895436734923613], [0.3314217620123286, -0.14728246839896023]], "0.2": [[-0.2260362191637294, -0.2527515267265244], [0.13383267458274445, 0.27066710741617056], [-0.012518749433176038, 0.1841055613538277], [0.011912559611221086, 0.11219560946753565], [-0.21559022188537644, 1.0494883305035454], [0.4721893256971657, -0.021331559970226906], [0.3723845761507472, -0.17171207041624817]], "0.25": [[-0.2260362191637294, -0.2527515267265244], [0.11696419120767064, 0.2654905174154686], [-0.013769243564328229, 0.18715035825753248], [0.036217727530144676, 0.08181137110020387], [-0.14824437390852055, 0.7708707898779663], [0.33999911044843295, -0.01826508884083581], [0.4377118101149773, -0.20005742205499472]], "0.3": [[-0.2260362191637294, -0.2527515267265244], [0.13592402728865471, 0.21049852300572683], [-0.015082403785058157, 0.19035665864250548], [0.013063948934979714, 0.13508350264616936], [-0.017407758197313692, 0.1037996657719107], [0.4070168929555583, -0.019163036776114264], [0.5330435980778903, -0.24135172102683994]]}, "gt_shear": [[-0.32458579221679473, -0.39914990312242216], [0.4803885159979247, -0.1075167637271896], [-0.008636690810060256, 0.1526663845801284], [-0.005651914146430252, -0.12573492223394245], [0.15719029276613516, -0.08969543955585445], [0.037453041875660585, 0.02204800347707723], [0.23702668210148986, -0.07228576448483563]], "obs_shear": [[-0.2260362191637294, -0.2527515267265244], [0.24268678489125994, -0.05687906782189853], [0.004022768688570722, 0.11084436281377125], [0.023269551326979977, 0.0724049907353247], [0.08285571572770462, -0.02893421693645745], [0.04463612968250606, -0.03659804558571313], [0.11574313982914922, -0.030683875039324352]], "rec_err_mean": [[0.030300378535162986, 0.026260618999115564], [0.2711543580399669, 0.29136618360951816], [0.2684427521906762, 0.26679066096910364], [0.2597642555790101, 0.24438460492106634], [0.18087562745275118, 0.16189684553483913], [0.22444523331886396, 0.2730091656476729], [0.19503164260584432, 0.22349188327410177], [0.20134666276732668, 0.2965630850646503], [0.18823456507643968, 0.2557267005531428], [0.18690777940549858, 0.16667063774203772]]}