{"shear_errs": [0.01, 0.02, 0.03, 0.05, 0.1, 0.15, 0.2, 0.3], "rec_shear": {"0.01": [[-0.1145134278618475, -0.22581638804068135], [-0.13363606634457637, -0.17847339000226525], [0.08346760271636593, -0.02051797162323515], [0.03167262970043113, -0.026641505542029348], [-0.004689475139159171, -0.28915784644484527], [-0.02532139100715061, 0.3659775525906837]], "0.02": [[-0.11454139891575134, -0.22725870917754534], [-0.13248293138007788, -0.18357753210625033], [0.0869974566822479, -0.028892279476349828], [0.03533877619276607, -0.021381333399138138], [-0.012570002519409611, -0.28139060823885853], [-0.01995658781095204, 0.36598116772363426]], "0.03": [[-0.11430101826189856, -0.22797304670166516], [-0.1537436184475697, -0.18532390896097511], [0.08962359772819005, -0.018923993959595282], [0.03480480770876942, -0.03430350936378667], [-0.015009538090360765, -0.30033842019307905], [-0.03593544372227001, 0.36615202719056256]], "0.05": [[-0.11300630023018579, -0.22785508734899046], [-0.17322606696253948, -0.16947797560680694], [0.05687629860176257, -0.027989372742881533], [0.018727896607457356, -0.028240076869091003], [0.0007540057644691214, -0.2834857943379808], [-0.04644345243365925, 0.36643283885737676]], "0.1": [[-0.10440680807988116, -0.21671829348476962], [-0.20253871260905137, -0.16578710377154107], [0.08962359772819005, -0.018923993959595282], [0.00440423815895451, -0.07616008144635739], [-0.04447986849318185, -0.3350752408795005], [-0.01995658781095204, 0.36598116772363426]], "0.15": [[-0.08324728403211773, -0.1877533175532461], [-0.18053541786820881, -0.20439872262697498], [-0.000768412126027097, -0.11857138955571069], [0.043260673017919075, -0.0780176299075964], [-0.09289713670097974, -0.2698560744781454], [-0.01995658781095204, 0.36598116772363426]], "0.2": [[-0.10309784189193301, -0.14300705385594023], [-0.1349351102701271, -0.17319939810731957], [-0.020600265429505302, -0.0454106853976646], [0.05176564847638243, -0.0771626290081092], [0.020612984787711553, -0.38878039210240456], [-0.10558686891302389, 0.381119203124079]], "0.3": [[0.021342894762957587, -0.036663933260662286], [-0.13686224733575258, -0.1642352960819402], [-0.046442928222544505, -0.053641121948100966], [0.03533877619276607, -0.021381333399138138], [0.0007540057644691214, -0.2834857943379808], [-0.01995658781095204, 0.36598116772363426]]}, "gt_shear": [[-0.0239854980344741, -0.44448392806749826], [-0.15996111591268225, -0.2532349225135048], [0.11212205127924253, 0.05310052377101059], [0.07933817976622637, -0.1364513505494331], [0.05149351242773589, -0.3075247555252046], [-0.05249600476549794, 0.47440153797580764]], "obs_shear": [[-0.041422221361784715, -0.15945735490253782], [-0.049591430264638324, -0.04271328633144989], [0.054753183591759576, -0.0023064545034322944], [0.049526484688706705, 0.032283354653577484], [0.015575278614083555, -0.16046880374063602], [-0.014979406116973402, 0.21744431229559308]], "rec_err_mean": [[0.046088429891565585, 0.1006080512341982], [0.047293502581004655, 0.10308332453889706], [0.04110474247706184, 0.09567168332533094], [0.04582230801282056, 0.10361576968751575], [0.05815734996259403, 0.09725001596080722], [0.06762235403166811, 0.11362691594476208], [0.05806743154769269, 0.11897505012611183], [0.05904509467790355, 0.14184843592453403]]}