{"seeing_errs": [0.005, 0.01, 0.02, 0.05, 0.1, 0.15, 0.2, 0.25, 0.3], "rec_shear": {"0.005": [[-0.44528619136642283, -0.4818046810586115], [0.27033399773155514, -0.21723660248660467], [0.015296882192566155, 0.1474097351463174], [0.0905712777574149, -0.09652878094533966], [0.1461545339942223, -0.30262707493821434], [-0.18593409650197107, -0.053713733558840945], [0.26004466899473494, -0.030123413090773325], [0.09687276712049683, -0.07148163379103437], [-0.26745611688072424, -0.010990360084632392], [-0.06631390008083438, 0.037113404654544414], [-0.05899501828897322, -0.3143960351674778], [0.0005051124375675339, 0.003930628840595848]], "0.01": [[-0.4449603248088955, -0.4813384453125583], [0.2710614304729801, -0.2181938932862591], [0.015251812488419518, 0.14762381961455237], [0.09111415349651976, -0.09515992724661526], [0.14670680697281238, -0.3021188400618988], [-0.18433867097473156, -0.05289805975876592], [0.2628411612298611, -0.029580611101684556], [0.096865718881124, -0.07145227765125292], [-0.2679174391306061, -0.011083809132486617], [-0.06655244096358293, 0.03864028970318712], [-0.059483048879241024, -0.3152321014942457], [0.0004250365408746359, 0.005100881133019361]], "0.02": [[-0.4446613287373427, -0.4805859387671098], [0.27243083897294196, -0.2199639496664715], [0.015163870476579258, 0.1480694779558117], [0.09214219082849649, -0.09221018470025912], [0.1478297879367277, -0.3009669510993928], [-0.18092665190327348, -0.051174855901327795], [0.26868478762494813, -0.028530496986748463], [0.0968511129519126, -0.07139259789993979], [-0.26884850472305044, -0.011253430203737312], [-0.06715412512992627, 0.04230032604196541], [-0.06037532899141927, -0.31697031124008535], [0.0004646460884456609, 0.007592805438333997]], "0.05": [[-0.44336545095834357, -0.47758899562195356], [0.2765273861921279, -0.2247853162531753], [0.014994546062617938, 0.14944123924769712], [0.09477775324110427, -0.08306715020830621], [0.15099642922944193, -0.29684101311696764], [-0.1705129023477956, -0.046664219785918434], [0.28543698141860885, -0.026045866630531694], [0.09679540257680441, -0.07124735816840908], [-0.2716958394071264, -0.01185128052362979], [-0.0688526758038838, 0.0562788850253479], [-0.0627356532716722, -0.32260968371279264], [0.0017405627726846294, 0.014071265098098617]], "0.1": [[-0.4371904451219603, -0.4701747235149866], [0.28381853361402215, -0.23191349634107386], [0.01485354846198647, 0.15185333232254675], [0.09860861718759098, -0.06523087506929415], [0.15583171983616184, -0.2871311892812398], [-0.14738583188535334, -0.03936630567797976], [0.30864470544670597, -0.021408948225385895], [0.09676516216900265, -0.0710869995694509], [-0.27638105200193475, -0.013231146049385927], [-0.07000491762753437, 0.08999241337765877], [-0.0645711635909679, -0.33272586665929477], [0.01354922627617076, 0.020748422741258536]], "0.15": [[-0.4277784278877642, -0.45954044450246717], [0.2913939573583275, -0.23727886710300375], [0.014592398149210855, 0.15422332471285458], [0.10209508937566807, -0.045568388772529465], [0.15999479532865238, -0.27535917416780176], [-0.11813054471886089, -0.03259978974832712], [0.32611041026198967, -0.018626665634640854], [0.09668083850285145, -0.07085095587504871], [-0.28121791888428027, -0.014757468262982038], [-0.07080971761130968, 0.13224831383735586], [-0.06322377695073993, -0.34312534451219606], [0.03935944549562867, 0.02794742951243694]], "0.2": [[-0.4134393013927781, -0.4442003249638583], [0.29790868658698805, -0.24211274142431188], [0.014528906660002965, 0.15687294608653488], [0.1052827347464355, -0.022792302707601082], [0.16362219124130586, -0.25936933493265324], [-0.07663497537360137, -0.028561271129909395], [0.33815887803104633, -0.01603177200658637], [0.09652009515543955, -0.0706178777087013], [-0.2856240040279789, -0.01618862723699647], [-0.06689448413357375, 0.17816015036261157], [-0.05861607235107376, -0.3550187131287696], [0.09203232133561344, 0.007720520475940968]], "0.25": [[-0.39291643583012825, -0.42489618891505065], [0.30345865243201825, -0.24679628308886312], [0.014596030915145929, 0.15981582214546058], [0.10905673843276731, 0.0027469673744990233], [0.16633349887431878, -0.2383795048765275], [-0.014562214967881298, -0.02990521340530708], [0.34009001667967265, -0.014962361581901982], [0.09629659180050902, -0.0704458701866233], [-0.2896636329027882, -0.01770045171600691], [-0.060645283804193116, 0.22651415011705553], [-0.05144710639656076, -0.3671299447189392], [0.13754495666451214, -0.00841561740129211]], "0.3": [[-0.3759282094445622, -0.4055727344511964], [0.3075151008295668, -0.2502221166253005], [0.014627543832317945, 0.1628276928123249], [0.11173405045086493, 0.03175966965271117], [0.1677406455027689, -0.2134925031777947], [0.05741385530497754, -0.032382481902863754], [0.3344968071977787, -0.015462809466154567], [0.09601210220392657, -0.07034880676985929], [-0.293457731851725, -0.019548310046545333], [-0.05374633654034494, 0.27553688703815027], [-0.041834756261438066, -0.3796121481727294], [0.18082414407452638, -0.012754171851944355]]}, "gt_shear": [[-0.32458579221679473, -0.39914990312242216], [0.4803885159979247, -0.1075167637271896], [-0.008636690810060256, 0.1526663845801284], [-0.005651914146430252, -0.12573492223394245], [0.15719029276613516, -0.08969543955585445], [0.037453041875660585, 0.02204800347707723], [0.23702668210148986, -0.07228576448483563], [0.08106747781805827, -0.06865448693459492], [-0.14109789809905224, -0.025313715871865792], [-0.16722081991819004, 0.419309862751742], [0.24725131947290155, -0.3985440412968449], [0.31457656045758264, -0.017207829702978756]], "obs_shear": [[-0.2260362191637294, -0.2527515267265244], [0.24268678489125994, -0.05687906782189853], [0.004022768688570722, 0.11084436281377125], [0.023269551326979977, 0.0724049907353247], [0.08285571572770462, -0.02893421693645745], [0.04463612968250606, -0.03659804558571313], [0.11574313982914922, -0.030683875039324352], [0.08497055446388974, -0.08339665199964405], [-0.15670315264666151, -0.009708281983452709], [-0.07164556240154928, 0.23901786811163153], [0.1028460709600148, -0.23129333899756638], [0.12218227737984297, -0.06365812088859414]], "rec_err_mean": [[0.13097839833905123, 0.08852721305368089], [0.1310514933457199, 0.08848964749752807], [0.13119714027653925, 0.0883697335586102], [0.13139906504128543, 0.08749983281296426], [0.12964895281009195, 0.08450604054014811], [0.1257059832726643, 0.08051958054177774], [0.11798353221672557, 0.07366871776487016], [0.10779367446468906, 0.06675204052968607], [0.0997053963776517, 0.060537736726302]]}