{"seeing_errs": [0.0, 0.005, 0.01, 0.02, 0.05, 0.1, 0.15, 0.2, 0.25, 0.3], "rec_shear": {"0.0": [[-0.28431111341378695, -0.37998529687542376], [0.4573185454712037, -0.1043832917017593], [0.0004771338341167375, 0.13502224111942587], [0.038989074445705305, -0.10681180933862028], [0.1895641337299026, -0.17001096580311148], [0.10142847847696536, -0.017707050493485907], [0.2362905097769128, -0.09929071039348586], [0.10121508640299698, -0.06417725096635075], [-0.13205888201676155, -0.05608555676875433], [-0.1680178286610136, 0.4610602294797265], [0.18181536117376412, -0.4238949979822458], [0.2343925824077373, -0.06716788501060968], [-0.32508020493207535, -0.24844386629547746], [0.10714732639639964, -0.15501452341524039], [-0.28678894364360435, -0.4752756713868911], [-0.041938447412256954, 0.13103277708972746], [-0.05635435003334732, 0.22300159181095774], [0.23120301314263558, 0.5392235737028629], [0.17277677622310986, 0.04561576974402119], [0.056494292170406746, -0.03919760532339151], [-0.27120153030298694, 0.13816858594947526], [-0.0031987576814646312, 0.5136229082011226], [0.03525730780706052, 0.039345388615022694], [0.21515220942446792, -0.42411472279730933], [0.05094340440162216, 0.15240196048743315], [0.12108553540495987, 0.06212746090542555], [0.25354473670245997, 0.01647866881563534], [-0.39427829323293645, 0.024203781208172258], [-0.05860868502101139, 0.11821516841920388], [0.12847104212789368, -0.14615628929572969], [-0.02865829963743553, -0.2159398033953142], [-0.41890457121952274, -0.3868112480850522]], "0.005": [[-0.2863948719273601, -0.33971955143846994], [0.43508311119254117, -0.14481141057619557], [0.000455475393215502, 0.1350382904326615], [0.1136817888946182, -0.03552538014003107], [0.20313542607463184, -0.2129021070006456], [0.08019836754349234, -0.052388194043069755], [0.2383899403201611, -0.09954158143506722], [0.10122229895361572, -0.06412277217034971], [-0.23723155586367015, -0.06308985459051687], [-0.12239683111244, 0.33235270195664846], [0.11094651439112972, -0.43622647255323094], [0.11069539587451264, -0.06338251509433229], [-0.27475186228961834, -0.29656997341324504], [0.136743780065744, -0.3193443091106437], [-0.2872689162581007, -0.4787012680016715], [-0.039117180778604585, 0.1310264046003657], [-0.05629618608893541, 0.22313998019100223], [0.19437261143313458, 0.4753810016819496], [0.17235638826383504, 0.04518053240552983], [0.08988801126793766, -0.2267609080230154], [-0.2722470931068061, 0.13873206860386222], [-0.0034255083205571037, 0.5148782878798904], [0.05712994611833939, 0.030968495785174726], [0.09316359563206017, -0.28761635956781245], [0.012502686316353805, 0.04089208411138929], [0.1204930685120764, 0.06195228334910024], [0.23136195777250332, 0.06470557278181295], [-0.36949688673009556, -0.026501682195551234], [-0.11637927466144424, 0.07095240176465423], [0.06627127715628069, -0.11074132629424707], [0.09685024063154817, -0.22177128642189156], [-0.41976433279314707, -0.3878930144810032]], "0.01": [[-0.2869537087727176, -0.3401913215117268], [0.4357849347629967, -0.14459291472504335], [0.00040554143496393785, 0.1350699488346388], [0.11375420172789348, -0.034855069585946336], [0.20410559497341857, -0.2122424848804936], [0.0839447793349259, -0.05197706093180402], [0.24052533035197085, -0.09987870105624377], [0.10123034110382534, -0.06406058430235495], [-0.23725333143088775, -0.0630855579417984], [-0.12260709677785422, 0.3349597089798534], [0.11289157576495608, -0.4371658175447551], [0.11281306488946591, -0.06291398204518078], [-0.2732739756438905, -0.2972942813969784], [0.13626038249512715, -0.31240276457073696], [-0.2877253398934626, -0.4816488289939976], [-0.03753189862421854, 0.13083204220629208], [-0.05624167113426673, 0.2232710394755542], [0.19618503811576435, 0.4757268547248084], [0.17200669720769887, 0.044839064161722605], [0.086993617532815, -0.2287293895184309], [-0.27326318772237684, 0.1393308042117197], [-0.003599170410644438, 0.5159479080844964], [0.05617107846054034, 0.030205559654807503], [0.09950789400077767, -0.28974083719688687], [0.012598869551160635, 0.044726774725723534], [0.11994152781272088, 0.06173760853599544], [0.2313635680632431, 0.06471612316999793], [-0.3707853825876368, -0.02662623047214883], [-0.1162241590280459, 0.07143993448915865], [0.0692909049363626, -0.11174845102952895], [0.09766150175602067, -0.21995777463341415], [-0.4206554395671644, -0.3890171692130299]], "0.02": [[-0.28808792753078044, -0.34125135023710085], [0.43707689457444593, -0.14413390463451958], [0.0002772599390052919, 0.13507879384284366], [0.11378378378897176, -0.0333794776620461], [0.20573659624854776, -0.21075201187679737], [0.0913649539363025, -0.051087168129631634], [0.24478185952752798, -0.10027855041091782], [0.10124600261423174, -0.06393551314277549], [-0.23729019739073748, -0.06307782512657975], [-0.1231020052524165, 0.3403325498829861], [0.11683256495915186, -0.4392333487120614], [0.11707385596985909, -0.06223410204523929], [-0.2690543605272828, -0.2987534865653275], [0.13394697692191024, -0.29837253895892224], [-0.28886902315793006, -0.486948989392532], [-0.03429422002661984, 0.13219212621518656], [-0.05614180035279813, 0.2235272949331544], [0.19998877802524723, 0.4762935949575065], [0.17143909449088465, 0.04417335922265715], [0.08186281655357319, -0.23124467722636827], [-0.27509179171173476, 0.14057188490610253], [-0.003946461200152801, 0.5180823534334299], [0.05427262987841869, 0.028716420796708123], [0.11236265867110169, -0.2936939164655026], [0.012935208240569346, 0.05135564486131085], [0.11892614927995376, 0.06130119147353918], [0.23136316609243576, 0.06473696063826309], [-0.3732452015629766, -0.026800637386238123], [-0.11598322693128595, 0.07245566354382206], [0.07584231605861257, -0.1139422144464759], [0.09923282496132664, -0.2162449442243599], [-0.42240849703291883, -0.3911895264256049]], "0.05": [[-0.2913471528664559, -0.3437995078735965], [0.43971041111914727, -0.14235134536091013], [-0.0001741800490701423, 0.13486210568670662], [0.11377009044679537, -0.02631571350734383], [0.21203171702437607, -0.20702071550862614], [0.11418567664019248, -0.04751465222916028], [0.2617725541201577, -0.09624629465521087], [0.10122830848285554, -0.063620228056975], [-0.23741655595728692, -0.06289522443300814], [-0.12556956580897016, 0.3577043590503293], [0.12856741973003763, -0.4433705311469582], [0.13212038481895333, -0.06163201905765912], [-0.2600606738335997, -0.3003745158699709], [0.1326747970558464, -0.26445164379525726], [-0.2921911906285616, -0.5036099482187759], [-0.004560996605512394, 0.14184676899620124], [-0.05605299632028425, 0.22434863639639388], [0.21317227634994737, 0.47948749406591223], [0.17033471445271472, 0.04214992970528198], [0.0655101946859132, -0.2345762455911352], [-0.2809711507015559, 0.14496785829401837], [-0.005135580841243402, 0.5244185429296664], [0.048611434010213776, 0.024392671224459032], [0.1475146250118439, -0.2978665688441972], [0.012622594653839324, 0.07399183699949038], [0.11577896565283291, 0.060015956376938996], [0.23136325414666312, 0.0647981691850401], [-0.37986956251004317, -0.026747661070941967], [-0.11541045440089764, 0.07540407343528058], [0.10095957916228569, -0.12325255863120202], [0.10336531455780135, -0.20638419375100245], [-0.4278935125331448, -0.3979230998167133]],