{"shear_errs": [0.01, 0.02, 0.03, 0.05, 0.1, 0.15, 0.2, 0.3], "rec_shear": {"0.01": [[-0.05388011612273424, -0.23323043593308773], [-0.11223734566368446, -0.10057120024888463], [0.1455948704988883, -0.007998061672125837], [0.08676536408862486, 0.007409085041725798], [0.011176250023117092, -0.2573655197063062], [-0.011627615831368013, 0.3859302238333992]], "0.02": [[-0.056792867536958724, -0.23614378425527985], [-0.11200466997683332, -0.10016324137147688], [0.14507959433101944, -0.0076815828837207235], [0.08814746615549897, 0.007223259174524873], [0.0097802423686154, -0.2577603935383945], [-0.010885661539632302, 0.38663858074685076]], "0.03": [[-0.05850088716083183, -0.23814559597990512], [-0.11130969834604934, -0.0995820975222348], [0.14546236216150946, -0.007813047203734163], [0.08763665330751068, 0.0024143293003870267], [0.00783929984953018, -0.25745536578387995], [-0.013143096437396454, 0.3848026160394248]], "0.05": [[-0.0626370822640151, -0.243542599261492], [-0.11217042885320357, -0.10067751576480562], [0.14658897685350886, -0.008120488311293536], [0.08102844249457548, 0.01668398584934312], [0.013356661998873934, -0.2574151032190881], [-0.014732712782907631, 0.3836493556742943]], "0.1": [[-0.07204077941760512, -0.2534465400881678], [-0.11331190432194278, -0.09978396189280339], [0.14546236216150946, -0.007813047203734163], [0.07278728975946232, 0.01814775092296452], [-0.0027403702052410392, -0.25729066760308633], [-0.010885661539632302, 0.38663858074685076]], "0.15": [[-0.08074230544955964, -0.25654041348285644], [-0.1031842846695586, -0.086580836740261], [0.16013914915462668, -0.007561830179790082], [0.08267764732636991, -0.01639877240767761], [-0.01088368523668809, -0.2521542622192693], [-0.010885661539632302, 0.38663858074685076]], "0.2": [[-0.06321027308728738, -0.2528629037741606], [-0.11247067750128315, -0.10082747734124779], [0.15329641578384787, -0.0150076859641282], [0.08017743288062164, -0.01680437309372519], [0.011373925381653957, -0.26179813277650055], [-0.024761518982292837, 0.37156894603429125]], "0.3": [[-0.08591536893826072, -0.24906273328811473], [-0.07681646609795033, -0.03653314449581099], [0.16303059838076034, -0.006394969847052989], [0.08814746615549897, 0.007223259174524873], [0.013356661998873934, -0.2574151032190881], [-0.010885661539632302, 0.38663858074685076]]}, "gt_shear": [[-0.0239854980344741, -0.44448392806749826], [-0.15996111591268225, -0.2532349225135048], [0.11212205127924253, 0.05310052377101059], [0.07933817976622637, -0.1364513505494331], [0.05149351242773589, -0.3075247555252046], [-0.05249600476549794, 0.47440153797580764]], "obs_shear": [[-0.041422221361784715, -0.15945735490253782], [-0.049591430264638324, -0.04271328633144989], [0.054753183591759576, -0.0023064545034322944], [0.049526484688706705, 0.032283354653577484], [0.015575278614083555, -0.16046880374063602], [-0.014979406116973402, 0.21744431229559308]], "rec_err_mean": [[0.03328400720300848, 0.11791779756577214], [0.03430904302739487, 0.11723264342478379], [0.03463545200380817, 0.11657311993018926], [0.03308326700051457, 0.11811948644056929], [0.03840665328695734, 0.11633301103304156], [0.04481295749733775, 0.11307433049755566], [0.032763817318750006, 0.11339047855777697], [0.04742325797733943, 0.1255276142790287]]}