{"shear_errs": [0.0, 0.01, 0.03, 0.05, 0.1, 0.15, 0.2, 0.25, 0.3, 0.35, 0.4], "rec_shear": {"0.0": [[-0.28431111341378695, -0.37998529687542376], [0.4573185454712037, -0.1043832917017593], [0.0004771338341167375, 0.13502224111942587], [0.038989074445705305, -0.10681180933862028], [0.1895641337299026, -0.17001096580311148], [0.10142847847696536, -0.017707050493485907], [0.2362905097769128, -0.09929071039348586]], "0.01": [[-0.2857360859286963, -0.37952084015703824], [0.45710252895546194, -0.10704062067461943], [-0.0021176760429198844, 0.13622302251907037], [0.03706504204341661, -0.11639614901402442], [0.18628324320034018, -0.18226228597414104], [0.09943999040583101, -0.016330205858484707], [0.23707344635665165, -0.10663199322186052]], "0.03": [[-0.28878697816314614, -0.385155315282439], [0.4553159983087159, -0.11173134201163362], [0.00023151664065796483, 0.12694603880102673], [0.038989074445705305, -0.10681180933862028], [0.17419059439663892, -0.17030451106188305], [0.10142847847696536, -0.017707050493485907], [0.2362905097769128, -0.09929071039348586]], "0.05": [[-0.2916584703353519, -0.38867898755865904], [0.4413848406094711, -0.11352072448806606], [0.0004771338341167375, 0.13502224111942587], [0.04110936792731849, -0.14817525681445365], [0.1718722368213318, -0.22491176425834133], [0.09370027817509864, -0.012668185775339421], [0.216490182864239, -0.13409421153880727]], "0.1": [[-0.30095898331064413, -0.3991317094054614], [0.4241730996036738, -0.09735200708869106], [-0.02154888975454319, 0.14439094176886588], [0.027598205538145248, -0.11913672583704801], [0.1895641337299026, -0.17001096580311148], [0.08969368104078496, -0.006515882190449211], [0.20139924986265567, -0.14840322289918428]], "0.15": [[-0.3116109429431349, -0.4085867158150538], [0.40491576166906534, -0.09210360659627434], [0.0004771338341167375, 0.13502224111942587], [0.03437153936806819, -0.21940622500877996], [0.15016151942255612, -0.26888821214128106], [0.10142847847696536, -0.017707050493485907], [0.1874414578334742, -0.15208185533259733]], "0.2": [[-0.3151279264099433, -0.40980958077583785], [0.4408228747381709, -0.14284928796792648], [-0.03849238047812478, 0.11272157317348959], [0.06550374927537463, -0.2486848571306667], [0.08560846372008407, -0.15002980975965097], [0.10142847847696536, -0.017707050493485907], [0.2708244827239638, -0.16085721850748022]], "0.25": [[-0.29279710252158947, -0.4262610844765565], [0.4573185454712037, -0.1043832917017593], [-0.0493929950549762, 0.1536714268897785], [0.09074815189140244, -0.24796127687841657], [0.24568857921266188, -0.34804813379201616], [0.08361462537003758, -0.02247374363007855], [0.1052109345495175, -0.07850850935890309]], "0.3": [[-0.3094352637166743, -0.3875686952298718], [0.4553139613002253, -0.162829212626491], [-0.05568559296189745, 0.15889098019932446], [0.038989074445705305, -0.10681180933862028], [0.1895641337299026, -0.17001096580311148], [0.10142847847696536, -0.017707050493485907], [0.2362905097769128, -0.09929071039348586]], "0.35": [[-0.28431111341378695, -0.37998529687542376], [0.45473334399589227, -0.1598404361369786], [-0.04695210338324748, 0.09853251515052357], [0.038989074445705305, -0.10681180933862028], [0.22449220813600185, -0.2663570150699671], [0.1025671637009551, -0.0859454169567829], [0.2362905097769128, -0.09929071039348586]], "0.4": [[-0.2858832509730795, -0.33922751553552083], [0.4343365391833144, -0.14500273207947714], [0.0004771338341167375, 0.13502224111942587], [0.11356233190641765, -0.036015053360576706], [0.20217077716740406, -0.213680595598153], [0.07642156862714998, -0.05267019017951908], [0.2362905097769128, -0.09929071039348586]]}, "gt_shear": [[-0.32458579221679473, -0.39914990312242216], [0.4803885159979247, -0.1075167637271896], [-0.008636690810060256, 0.1526663845801284], [-0.005651914146430252, -0.12573492223394245], [0.15719029276613516, -0.08969543955585445], [0.037453041875660585, 0.02204800347707723], [0.23702668210148986, -0.07228576448483563]], "obs_shear": [[-0.2260362191637294, -0.2527515267265244], [0.24268678489125994, -0.05687906782189853], [0.004022768688570722, 0.11084436281377125], [0.023269551326979977, 0.0724049907353247], [0.08285571572770462, -0.02893421693645745], [0.04463612968250606, -0.03659804558571313], [0.11574313982914922, -0.030683875039324352]], "rec_err_mean": [[0.03059784463652723, 0.029420122964989113], [0.028928332501012233, 0.03016837511282908], [0.028013205477442397, 0.030031670883441854], [0.03132454051138682, 0.04118575933924693], [0.03517806518531228, 0.030007637127535482], [0.03688204513915631, 0.062129904780405476], [0.045627132346614925, 0.05679254662778855], [0.06549866399965014, 0.06608189093586768], [0.03271434626163456, 0.034159555918977194], [0.04029120878430018, 0.06517217183404819], [0.042538253176097975, 0.06149723769725746]]}