{"seeing_errs": [0.0, 0.005, 0.01, 0.02, 0.05, 0.1, 0.15, 0.2, 0.25, 0.3], "rec_shear": {"0.0": [[-0.28431111341378695, -0.37998529687542376], [0.4573185454712037, -0.1043832917017593], [0.0004771338341167375, 0.13502224111942587], [0.038989074445705305, -0.10681180933862028], [0.1895641337299026, -0.17001096580311148], [0.10142847847696536, -0.017707050493485907], [0.2362905097769128, -0.09929071039348586]], "0.005": [[-0.2863948719273601, -0.33971955143846994], [0.43508311119254117, -0.14481141057619557], [0.000455475393215502, 0.1350382904326615], [0.1136817888946182, -0.03552538014003107], [0.20313542607463184, -0.2129021070006456], [0.08019836754349234, -0.052388194043069755], [0.2383899403201611, -0.09954158143506722]], "0.01": [[-0.2869537087727176, -0.3401913215117268], [0.4357849347629967, -0.14459291472504335], [0.00040554143496393785, 0.1350699488346388], [0.11375420172789348, -0.034855069585946336], [0.20410559497341857, -0.2122424848804936], [0.0839447793349259, -0.05197706093180402], [0.24052533035197085, -0.09987870105624377]], "0.02": [[-0.28808792753078044, -0.34125135023710085], [0.43707689457444593, -0.14413390463451958], [0.0002772599390052919, 0.13507879384284366], [0.11378378378897176, -0.0333794776620461], [0.20573659624854776, -0.21075201187679737], [0.0913649539363025, -0.051087168129631634], [0.24478185952752798, -0.10027855041091782]], "0.05": [[-0.2913471528664559, -0.3437995078735965], [0.43971041111914727, -0.14235134536091013], [-0.0001741800490701423, 0.13486210568670662], [0.11377009044679537, -0.02631571350734383], [0.21203171702437607, -0.20702071550862614], [0.11418567664019248, -0.04751465222916028], [0.2617725541201577, -0.09624629465521087]], "0.1": [[-0.29701561312579744, -0.3472217400567281], [0.4450279972727795, -0.13882887851859427], [-0.0006620367590101494, 0.13512039738326131], [0.11335154628116027, -0.009814521904390897], [0.21933252542683396, -0.19980194965291695], [0.15589329488677692, -0.04441176792856944], [0.28585400209256057, -0.07407884345599595]], "0.15": [[-0.3009491292146823, -0.3507015344857944], [0.45441852035469615, -0.13677910678443758], [-0.0011227917102290483, 0.13621455998865212], [0.11295362849337905, 0.005800667480691752], [0.2240952969717574, -0.19060135135734127], [0.20864972922446992, -0.04594037924078232], [0.3064776799821245, -0.052324595872190814]], "0.2": [[-0.3034365713229136, -0.3546075097002773], [0.4637091497820432, -0.13440582161718634], [-0.002250933317756, 0.13675672010833995], [0.10784003253784318, 0.031848458038466254], [0.22714956989679608, -0.17949232031419246], [0.267070572086709, -0.04914071774002461], [0.32499693501737126, -0.037418098137675895]], "0.25": [[-0.30365857526265744, -0.35738644521623975], [0.47373400886249567, -0.13165470153206713], [-0.0032655088036363635, 0.13825823875461726], [0.1023694334672156, 0.07407530872318574], [0.22578589401096474, -0.15663758209943485], [0.3261325220901473, -0.05175852306259399], [0.35043167495782873, -0.01104352921439893]], "0.3": [[-0.3036128107094251, -0.3591666241780349], [0.48338697383479795, -0.1278074414840892], [-0.005177252208399898, 0.14027918371537595], [0.09959180622578909, 0.11829030771108488], [0.223575319258072, -0.1283962632488167], [0.379271276930668, -0.062197003254192126], [0.37016254550598493, 0.02999716654018801]]}, "gt_shear": [[-0.32458579221679473, -0.39914990312242216], [0.4803885159979247, -0.1075167637271896], [-0.008636690810060256, 0.1526663845801284], [-0.005651914146430252, -0.12573492223394245], [0.15719029276613516, -0.08969543955585445], [0.037453041875660585, 0.02204800347707723], [0.23702668210148986, -0.07228576448483563]], "obs_shear": [[-0.2260362191637294, -0.2527515267265244], [0.24268678489125994, -0.05687906782189853], [0.004022768688570722, 0.11084436281377125], [0.023269551326979977, 0.0724049907353247], [0.08285571572770462, -0.02893421693645745], [0.04463612968250606, -0.03659804558571313], [0.11574313982914922, -0.030683875039324352]], "rec_err_mean": [[0.03059784463652723, 0.029420122964989113], [0.04313941593344887, 0.061351616669929464], [0.04394138581648326, 0.06123943818670905], [0.045481789680436195, 0.06094903699365233], [0.051160170089253235, 0.05975098947599301], [0.05990265970823842, 0.05643800369391241], [0.06903982711714966, 0.059221941304568204], [0.07789333593484729, 0.06296825205413405], [0.08737918971789875, 0.06887295383534107], [0.09628767475279457, 0.07741644985147456]]}