{"seeing_errs": [0.005, 0.01, 0.02, 0.05, 0.1, 0.15, 0.2, 0.25, 0.3], "rec_shear": {"0.005": [[-0.3279779201963517, -0.3332940147397359], [0.2946593360519049, -0.1798445129397403], [0.033234194090289694, 0.1676216665211795], [0.037529308307739616, 0.1332508041650009], [0.14289069614310934, -0.045263737362112276], [0.1882943509518982, -0.057786815002851044], [0.24011931706730122, -0.02657509631319267], [0.09229622388704685, -0.06934508249126933], [-0.2933632028981122, -0.038902576059326205], [-0.13197740643169717, 0.43424150212313833], [0.1501751735046698, -0.4044997163456088], [0.1427338176788691, -0.09319199881794386]], "0.01": [[-0.3283056055463402, -0.33396745041610176], [0.2952997393845208, -0.17941747351680984], [0.03298943415921685, 0.16791494063685614], [0.037768636305409706, 0.1345112940723612], [0.14279481653798667, -0.04350917281734439], [0.19265871565093937, -0.058331077165356446], [0.2407472190613921, -0.02678349535204839], [0.09223853434211551, -0.06925091687213514], [-0.29324930007344535, -0.03892482955990992], [-0.13191378886480598, 0.4365040803647264], [0.15132476192014802, -0.4047706462393098], [0.14562861183561707, -0.09349943467150583]], "0.02": [[-0.3289561048426821, -0.3353694949951585], [0.2964766519936004, -0.17855928051885783], [0.03255921923563709, 0.1684949534777937], [0.038134944722026165, 0.13706792652073077], [0.14250644105192048, -0.03998242173917665], [0.2008319896148526, -0.059225269406466496], [0.2419380551088917, -0.02712674560257869], [0.09212040593057057, -0.06904905448848386], [-0.29300564424011927, -0.03898026629817206], [-0.13191343816191067, 0.44056789582915784], [0.1537355622115686, -0.4055877967960233], [0.15174046717512057, -0.09412854841289592]], "0.05": [[-0.33050028723007163, -0.3392992485895528], [0.2999192021789022, -0.17594354346187854], [0.03149019011470212, 0.17020163090786375], [0.03953426349528421, 0.14508141523171775], [0.14206285906770433, -0.029052951220550086], [0.22629277894041885, -0.06196187434537481], [0.24398774902082368, -0.027509995679764032], [0.09176699203706369, -0.06843837663465123], [-0.2921891578261399, -0.038918195768188585], [-0.13275818020258465, 0.4539002064685132], [0.16074489205126496, -0.4084332136348136], [0.17187739613033834, -0.09494500544470605]], "0.1": [[-0.3359294296087192, -0.3446382181032544], [0.30484837681132704, -0.17183757001691066], [0.030201589327962748, 0.1730481658413765], [0.04326885363056487, 0.1588237224045194], [0.13986243785567679, -0.010396877325277418], [0.273569874044816, -0.06582935430552574], [0.2436159252449701, -0.026358581035473713], [0.09109232095728614, -0.0675519081012797], [-0.29132803162780985, -0.03862000824707615], [-0.1322869035290658, 0.4740695211178137], [0.17263533831473363, -0.4105668601360624], [0.20280274180151397, -0.09783465577607936]], "0.15": [[-0.3412412777190616, -0.34877195771483294], [0.3092543385752079, -0.1678705115498448], [0.02854080512426604, 0.1757427883548258], [0.046057927332032005, 0.17247036835691923], [0.1393238673679935, 0.008878378466952911], [0.31734299992136605, -0.06842412751604963], [0.2433801981468888, -0.024458358356888102], [0.09049544302580109, -0.06664032555773491], [-0.29056981080608296, -0.03846642062322032], [-0.1288748582405464, 0.48930219434677885], [0.18462767969402408, -0.4091978606288653], [0.22768948639315806, -0.0975737187986886]], "0.2": [[-0.3435444411384093, -0.35246278419215726], [0.31264940301704897, -0.1634849233903806], [0.026595654102845805, 0.17886071023181496], [0.04793337179682859, 0.18631215081891372], [0.1406703434393076, 0.02908295945754032], [0.35916119928434814, -0.07148164035781253], [0.24179842195426257, -0.02140906040630912], [0.09021145122063864, -0.06617737821488921], [-0.2892417722021529, -0.038201650480614156], [-0.1230060717278237, 0.5030928425614197], [0.19651297752205243, -0.40433588552346617], [0.2530663740829925, -0.09322849752331355]], "0.25": [[-0.3419329026935548, -0.355232228161679], [0.3157967493762067, -0.15846995945331285], [0.02514748647150232, 0.18199942852631826], [0.05004062742741643, 0.19971859910407977], [0.14225360661770292, 0.04902664857616553], [0.3952237966320378, -0.07328767728971346], [0.24139704597296036, -0.016955293313790757], [0.08979344982981663, -0.06622586199902791], [-0.2882359019040877, -0.03820572212051232], [-0.11630722341933465, 0.5140539264450493], [0.20303505631700572, -0.39688698505350123], [0.2702940952045083, -0.08993587370040249]], "0.3": [[-0.33867691306535885, -0.35613673138227847], [0.32038928976983616, -0.15277825974139672], [0.023481277785268054, 0.1853228508613841], [0.051914307293145515, 0.2134285762007672], [0.14008274101422588, 0.06566494839027348], [0.42413264575435555, -0.07088642447605954], [0.2378990236306203, -0.012550644311868213], [0.08942676689344604, -0.06626750485642778], [-0.28737857055270394, -0.038717658464402664], [-0.11027205115488985, 0.5232157800794226], [0.20707075970449623, -0.3884410336701863], [0.2855318403954603, -0.08979838566438861]]}, "gt_shear": [[-0.32458579221679473, -0.39914990312242216], [0.4803885159979247, -0.1075167637271896], [-0.008636690810060256, 0.1526663845801284], [-0.005651914146430252, -0.12573492223394245], [0.15719029276613516, -0.08969543955585445], [0.037453041875660585, 0.02204800347707723], [0.23702668210148986, -0.07228576448483563], [0.08106747781805827, -0.06865448693459492], [-0.14109789809905224, -0.025313715871865792], [-0.16722081991819004, 0.419309862751742], [0.24725131947290155, -0.3985440412968449], [0.31457656045758264, -0.017207829702978756]], "obs_shear": [[-0.2260362191637294, -0.2527515267265244], [0.24268678489125994, -0.05687906782189853], [0.004022768688570722, 0.11084436281377125], [0.023269551326979977, 0.0724049907353247], [0.08285571572770462, -0.02893421693645745], [0.04463612968250606, -0.03659804558571313], [0.11574313982914922, -0.030683875039324352], [0.08497055446388974, -0.08339665199964405], [-0.15670315264666151, -0.009708281983452709], [-0.07164556240154928, 0.23901786811163153], [0.1028460709600148, -0.23129333899756638], [0.12218227737984297, -0.06365812088859414]], "rec_err_mean": [[0.07583860908722151, 0.05777106450498373], [0.07589007900449579, 0.05821379354352197], [0.07590491871323564, 0.059073606451704626], [0.0756736758743232, 0.061841202918042966], [0.07635462063233171, 0.06655784959650465], [0.0772952877718948, 0.07042213740755558], [0.0776888636140358, 0.07375349661749146], [0.07864747512123223, 0.07695795592993519], [0.07910400369951323, 0.08087624784408344]]}