{"test_loss": 1.9368608672389117e-05, "obs_psnr_mean": 23.14352885215112, "rec_psnr_mean": 29.53468166204034, "obs_psnr": [26.66023960944735, 21.06507828564358, 25.615853846787285, 21.993411552053153, 20.079057735665412, 23.589485899459916, 21.113816163777088, 20.18872565277704, 21.466355779016098, 23.503703728863226, 26.86923901301414, 25.5773789593091], "rec_psnr": [33.67631957987662, 31.30872232699938, 25.31303080027781, 20.149018297589485, 26.29920477235148, 29.299224730956436, 33.137526380177896, 17.304321855266437, 33.45273138183959, 34.766237348542234, 33.39020168613737, 36.31964078446938]}