{"seeing_errs": [0.0, 0.005, 0.01, 0.02, 0.05, 0.1, 0.15, 0.2, 0.25, 0.3], "rec_shear": {"0.0": [[-0.33302965950955066, -0.4290810795212353], [0.4419419538716156, -0.09281612110194652], [-0.002727231677650103, 0.14441233716734395], [0.04014382599111157, 0.01781023797915009], [0.2645505940722815, -0.11995035609076046], [0.036448689185705166, 0.044923446812030435], [0.20498596111487602, -0.07544191382114697]], "0.005": [[-0.43947730934617907, -0.3941664325696409], [0.3240204921525294, -0.08754788106314432], [-0.0027647755144144257, 0.14487252855609456], [0.030442436675776216, 0.09961108797539363], [0.1640628613223689, -0.12897689867115691], [-0.07897805137057942, -0.04706916147770596], [0.20669063974962165, -0.07414867975018516]], "0.01": [[-0.43928713383381096, -0.3941377425961361], [0.3244436992618785, -0.08701838488817018], [-0.002802161130189804, 0.1453108766993733], [0.03077144270782219, 0.10085894476031416], [0.1642422417568958, -0.12826843433928176], [-0.0748285106121063, -0.04666273510831707], [0.20825925631848824, -0.07272601943170565]], "0.02": [[-0.43867619055905255, -0.39406157150254406], [0.32539138951843155, -0.0859254354902261], [-0.0028764952305216553, 0.14615084335897016], [0.03142729978308932, 0.10337021213220964], [0.16444147516213498, -0.1270781274084165], [-0.06661553738764195, -0.045850949669451926], [0.21128355807265536, -0.06967113772257295]], "0.05": [[-0.43683957233244597, -0.3945249976877969], [0.328282039191611, -0.08282659191272149], [-0.0034364464349998848, 0.1484801027553902], [0.033389514551909666, 0.11097766215509766], [0.1635703331802639, -0.12343850012471246], [-0.04229639902113254, -0.043681529173063435], [0.2209253568500155, -0.06394690378685572]], "0.1": [[-0.4324592375418386, -0.3923635434313342], [0.3317227120208618, -0.076841322994652], [-0.0053854565810917635, 0.15254750032180606], [0.03644053414267984, 0.12110969451071386], [0.16101611377674924, -0.1183872550519801], [-0.005177908689107573, -0.034816629044409284], [0.23602656391994034, -0.053807484021197276]], "0.15": [[-0.4241878378738773, -0.3896721814688476], [0.3357886106191646, -0.07129397007853629], [-0.00775393933181274, 0.1564301417803813], [0.03917807612932017, 0.12891715193176537], [0.15567308678092465, -0.11168421749261076], [0.02838676052716609, -0.03053747585081065], [0.25153569192793906, -0.042784414888284696]], "0.2": [[-0.42044455058755215, -0.39102830857096116], [0.341799617555433, -0.06503994395363284], [-0.010591546934340059, 0.1597107643941784], [0.042047684402374885, 0.13820727974309624], [0.15071664874098692, -0.10544052174840943], [0.0672913915288525, -0.019116956653031356], [0.2758466669915939, -0.016322866007490194]], "0.25": [[-0.4131128597385851, -0.3921913443682801], [0.34789389507350676, -0.057634574763450803], [-0.012793661488786004, 0.16271150766400605], [0.043796884358870816, 0.14536151260439298], [0.14639231061894778, -0.09299445151930287], [0.11371424689337593, -0.008897964156717921], [0.280444224237261, 0.011765067639058872]], "0.3": [[-0.40550344137844085, -0.3890671556576504], [0.3535449738063283, -0.04964549178338945], [-0.014718995578466473, 0.16540005311526512], [0.044167223330182165, 0.15335666701583267], [0.14625895588915014, -0.07812487247718751], [0.15964481564185085, -0.0040902128882384006], [0.2778973509644357, 0.05285832382292202]]}, "gt_shear": [[-0.32458579221679473, -0.39914990312242216], [0.4803885159979247, -0.1075167637271896], [-0.008636690810060256, 0.1526663845801284], [-0.005651914146430252, -0.12573492223394245], [0.15719029276613516, -0.08969543955585445], [0.037453041875660585, 0.02204800347707723], [0.23702668210148986, -0.07228576448483563]], "obs_shear": [[-0.2260362191637294, -0.2527515267265244], [0.24268678489125994, -0.05687906782189853], [0.004022768688570722, 0.11084436281377125], [0.023269551326979977, 0.0724049907353247], [0.08285571572770462, -0.02893421693645745], [0.04463612968250606, -0.03659804558571313], [0.11574313982914922, -0.030683875039324352]], "rec_err_mean": [[0.03414300052453322, 0.036102505122300545], [0.06669507303528198, 0.05262196554080452], [0.06585785316410207, 0.052454843222286975], [0.06414140285984943, 0.05288522902935798], [0.05869039093682308, 0.05400362819712146], [0.049905688796731025, 0.05549428998683638], [0.04500102713571356, 0.058313136218483386], [0.051319155722111175, 0.062065419559445056], [0.05787202670441558, 0.0651825881944617], [0.06252234472919746, 0.07466173556360342]]}