{"seeing_errs": [0.005, 0.01, 0.02, 0.05, 0.1, 0.15, 0.2, 0.25, 0.3], "rec_shear": {"0.005": [[-0.43947730934617907, -0.3941664325696409], [0.3240204921525294, -0.08754788106314432], [-0.0027647755144144257, 0.14487252855609456], [0.030442436675776216, 0.09961108797539363], [0.1640628613223689, -0.12897689867115691], [-0.07897805137057942, -0.04706916147770596], [0.20669063974962165, -0.07414867975018516], [0.09344492657839784, -0.09737193286895081], [-0.2113756720035387, -0.09856783971704387], [-0.10047359121154695, 0.3551191157659112], [0.11826932858923558, -0.4782373736999837], [0.16700135988720602, -0.09187306230205229]], "0.01": [[-0.43928713383381096, -0.3941377425961361], [0.3244436992618785, -0.08701838488817018], [-0.002802161130189804, 0.1453108766993733], [0.03077144270782219, 0.10085894476031416], [0.1642422417568958, -0.12826843433928176], [-0.0748285106121063, -0.04666273510831707], [0.20825925631848824, -0.07272601943170565], [0.09353285031625536, -0.0973338037934777], [-0.21125513547239436, -0.09863820799158202], [-0.10115745342848657, 0.3600178576654035], [0.12163066788647871, -0.4801275539500655], [0.16836350673937517, -0.09232572123181212]], "0.02": [[-0.43867619055905255, -0.39406157150254406], [0.32539138951843155, -0.0859254354902261], [-0.0028764952305216553, 0.14615084335897016], [0.03142729978308932, 0.10337021213220964], [0.16444147516213498, -0.1270781274084165], [-0.06661553738764195, -0.045850949669451926], [0.21128355807265536, -0.06967113772257295], [0.0937034451811933, -0.09724927778133254], [-0.21100237753123094, -0.09877920584410624], [-0.10249307841811259, 0.369687355859304], [0.12860230905007386, -0.4836107262447347], [0.172183175595604, -0.09267722551781814]], "0.05": [[-0.43683957233244597, -0.3945249976877969], [0.328282039191611, -0.08282659191272149], [-0.0034364464349998848, 0.1484801027553902], [0.033389514551909666, 0.11097766215509766], [0.1635703331802639, -0.12343850012471246], [-0.04229639902113254, -0.043681529173063435], [0.2209253568500155, -0.06394690378685572], [0.09413933965822135, -0.0969681589348298], [-0.2102017214145983, -0.09938442588839033], [-0.105130235035947, 0.3985525828182996], [0.1509638822224269, -0.4938313042594058], [0.18705560483006609, -0.09278347058519469]], "0.1": [[-0.4324592375418386, -0.3923635434313342], [0.3317227120208618, -0.076841322994652], [-0.0053854565810917635, 0.15254750032180606], [0.03644053414267984, 0.12110969451071386], [0.16101611377674924, -0.1183872550519801], [-0.005177908689107573, -0.034816629044409284], [0.23602656391994034, -0.053807484021197276], [0.09496375685987789, -0.09649002300648192], [-0.2088168408843482, -0.10032716302937887], [-0.10673920500647335, 0.4442977629331131], [0.18774980920146284, -0.5058268489978248], [0.2189508458692585, -0.09791824242082482]], "0.15": [[-0.4241878378738773, -0.3896721814688476], [0.3357886106191646, -0.07129397007853629], [-0.00775393933181274, 0.1564301417803813], [0.03917807612932017, 0.12891715193176537], [0.15567308678092465, -0.11168421749261076], [0.02838676052716609, -0.03053747585081065], [0.25153569192793906, -0.042784414888284696], [0.0954919766205627, -0.09600825698736007], [-0.20733073784607217, -0.10090354910883877], [-0.11216940337605238, 0.49189204184972424], [0.22440082255289334, -0.508631005519381], [0.2518522622266639, -0.10586735232388532]], "0.2": [[-0.42044455058755215, -0.39102830857096116], [0.341799617555433, -0.06503994395363284], [-0.010591546934340059, 0.1597107643941784], [0.042047684402374885, 0.13820727974309624], [0.15071664874098692, -0.10544052174840943], [0.0672913915288525, -0.019116956653031356], [0.2758466669915939, -0.016322866007490194], [0.09584474852188839, -0.09557152165999906], [-0.2061936696492127, -0.10091404859832039], [-0.1236886555844609, 0.5388151704358255], [0.2571677862738425, -0.5055116661047715], [0.2725448087162306, -0.11408806927334805]], "0.25": [[-0.4131128597385851, -0.3921913443682801], [0.34789389507350676, -0.057634574763450803], [-0.012793661488786004, 0.16271150766400605], [0.043796884358870816, 0.14536151260439298], [0.14639231061894778, -0.09299445151930287], [0.11371424689337593, -0.008897964156717921], [0.280444224237261, 0.011765067639058872], [0.09611436160620833, -0.09522157947437818], [-0.20501955766011423, -0.10106157872233264], [-0.13124855512881253, 0.5683310428334922], [0.28545419609470307, -0.4953473069062599], [0.2858871802653907, -0.119509811029145]], "0.3": [[-0.40550344137844085, -0.3890671556576504], [0.3535449738063283, -0.04964549178338945], [-0.014718995578466473, 0.16540005311526512], [0.044167223330182165, 0.15335666701583267], [0.14625895588915014, -0.07812487247718751], [0.15964481564185085, -0.0040902128882384006], [0.2778973509644357, 0.05285832382292202], [0.09644009648650066, -0.09497548870486601], [-0.20429173713648002, -0.10143291738733919], [-0.13106737765058174, 0.5857736127940133], [0.3049493466532384, -0.48350484127265453], [0.29079457075479515, -0.12035408047099207]]}, "gt_shear": [[-0.32458579221679473, -0.39914990312242216], [0.4803885159979247, -0.1075167637271896], [-0.008636690810060256, 0.1526663845801284], [-0.005651914146430252, -0.12573492223394245], [0.15719029276613516, -0.08969543955585445], [0.037453041875660585, 0.02204800347707723], [0.23702668210148986, -0.07228576448483563], [0.08106747781805827, -0.06865448693459492], [-0.14109789809905224, -0.025313715871865792], [-0.16722081991819004, 0.419309862751742], [0.24725131947290155, -0.3985440412968449], [0.31457656045758264, -0.017207829702978756]], "obs_shear": [[-0.2260362191637294, -0.2527515267265244], [0.24268678489125994, -0.05687906782189853], [0.004022768688570722, 0.11084436281377125], [0.023269551326979977, 0.0724049907353247], [0.08285571572770462, -0.02893421693645745], [0.04463612968250606, -0.03659804558571313], [0.11574313982914922, -0.030683875039324352], [0.08497055446388974, -0.08339665199964405], [-0.15670315264666151, -0.009708281983452709], [-0.07164556240154928, 0.23901786811163153], [0.1028460709600148, -0.23129333899756638], [0.12218227737984297, -0.06365812088859414]], "rec_err_mean": [[0.07440209617270714, 0.05740622004610072], [0.07346038781788229, 0.05709842673358336], [0.07144170029992862, 0.05686795597330426], [0.06490894995614208, 0.05600249693123575], [0.05388032359797602, 0.058690844478121], [0.04469089501604865, 0.06520535189671223], [0.04454895959873258, 0.07169403970252945], [0.04891143765695768, 0.0755599583140678], [0.0528213608300821, 0.08163692941808855]]}