{"seeing_errs": [0.0, 0.005, 0.01, 0.02, 0.05, 0.1, 0.15, 0.2, 0.25, 0.3], "rec_shear": {"0.0": [[-0.33302965950955066, -0.4290810795212353], [0.4419419538716156, -0.09281612110194652], [-0.002727231677650103, 0.14441233716734395], [0.04014382599111157, 0.01781023797915009], [0.2645505940722815, -0.11995035609076046], [0.036448689185705166, 0.044923446812030435], [0.20498596111487602, -0.07544191382114697], [0.09336435739882173, -0.09740756907847214], [-0.13697423863204025, -0.07616986561922653], [-0.14942310690093621, 0.4634940569516467], [0.19346004687727847, -0.4952983844272282], [0.3048061298473097, -0.04961105286416299], [-0.3498902497256219, -0.217737234326509], [0.11076716906059648, -0.0761294918424569], [-0.32161231978190985, -0.44634662932272007], [-0.03213483606249556, 0.09919559368088225], [-0.04067280179864925, 0.3050211373276275], [0.21609342125610337, 0.4935654262983824], [0.18910547282527354, 0.0808717009991643], [0.013087441985410442, 0.03084211709276327], [-0.3534588655949128, 0.14996379936749857], [0.027176561543339875, 0.5563905964961336], [0.0015895091117559147, 0.09695656634790407], [0.11953407984242552, -0.43002740309789733], [0.07147164188354674, 0.2001186076146554], [0.12423042007467329, 0.044055406156168576], [0.341071640705657, 0.09476458331246557], [-0.3587538533930481, 0.018474276237989813], [-0.0625126749205328, 0.14109566700845477], [0.08614312952960541, -0.17954610816197686], [0.01837999858758328, -0.14428276315553815], [-0.43681807968591374, -0.3967060514582074]], "0.005": [[-0.43947730934617907, -0.3941664325696409], [0.3240204921525294, -0.08754788106314432], [-0.0027647755144144257, 0.14487252855609456], [0.030442436675776216, 0.09961108797539363], [0.1640628613223689, -0.12897689867115691], [-0.07897805137057942, -0.04706916147770596], [0.20669063974962165, -0.07414867975018516], [0.09344492657839784, -0.09737193286895081], [-0.2113756720035387, -0.09856783971704387], [-0.10047359121154695, 0.3551191157659112], [0.11826932858923558, -0.4782373736999837], [0.16700135988720602, -0.09187306230205229], [-0.2679372046616153, -0.30104942619116054], [0.028579829118259636, -0.18106985130192968], [-0.32349518449848863, -0.44719728183579627], [-0.03269152429916795, 0.09760550310786714], [-0.0400694637446607, 0.3058849351582206], [0.194841867750974, 0.40394329356899245], [0.1887224658744545, 0.08023834769973401], [0.060816138948690084, -0.1327796476805077], [-0.3550220242868915, 0.15031935948553918], [0.027085632405431773, 0.55885869488423], [0.013678757051134081, 0.03356803864554105], [0.04910325403351223, -0.24456753542700585], [0.03170056849983267, 0.09354945535417349], [0.1234001503230843, 0.044221742313850114], [0.27994375791695064, 0.12954972649682722], [-0.38817938605021324, 0.013796210609371883], [-0.10027430131013866, 0.1081307372642013], [0.016030447765199303, -0.11359329271895197], [-0.00413176215697322, -0.07990854871323869], [-0.4372340090844395, -0.39673406550342155]], "0.01": [[-0.43928713383381096, -0.3941377425961361], [0.3244436992618785, -0.08701838488817018], [-0.002802161130189804, 0.1453108766993733], [0.03077144270782219, 0.10085894476031416], [0.1642422417568958, -0.12826843433928176], [-0.0748285106121063, -0.04666273510831707], [0.20825925631848824, -0.07272601943170565], [0.09353285031625536, -0.0973338037934777], [-0.21125513547239436, -0.09863820799158202], [-0.10115745342848657, 0.3600178576654035], [0.12163066788647871, -0.4801275539500655], [0.16836350673937517, -0.09232572123181212], [-0.2676094050687114, -0.30073565811661224], [0.026743964269189922, -0.17442501977918823], [-0.32553828640245763, -0.4479538910271163], [-0.03517788686205281, 0.09339386217157639], [-0.039470799896304434, 0.3067274338352012], [0.19650524489637808, 0.40297092921890276], [0.18823370344867163, 0.07959256329408616], [0.06060099033925046, -0.13037846094180078], [-0.3565984869528476, 0.15070554841961414], [0.026895443270230707, 0.5610967838205034], [0.013076784098918172, 0.03318860037722905], [0.053384192956504414, -0.24187587233278013], [0.033215890917242856, 0.09766353649895179], [0.12256882709292129, 0.04441907602323198], [0.2799573207592019, 0.12956179561870176], [-0.38876392786959074, 0.013364515621966508], [-0.10009456356108959, 0.10841445034144084], [0.01832125806514495, -0.11213678618286764], [-0.0019036785543412565, -0.0782545923713759], [-0.43762590816744273, -0.3967635692595091]], "0.02": [[-0.43867619055905255, -0.39406157150254406], [0.32539138951843155, -0.0859254354902261], [-0.0028764952305216553, 0.14615084335897016], [0.03142729978308932, 0.10337021213220964], [0.16444147516213498, -0.1270781274084165], [-0.06661553738764195, -0.045850949669451926], [0.21128355807265536, -0.06967113772257295], [0.0937034451811933, -0.09724927778133254], [-0.21100237753123094, -0.09877920584410624], [-0.10249307841811259, 0.369687355859304], [0.12860230905007386, -0.4836107262447347], [0.172183175595604, -0.09267722551781814], [-0.2658402723298959, -0.2989268666797411], [0.024724352869433076, -0.16222390171574677], [-0.32989117614182095, -0.44956200841510824], [-0.029634549825158556, 0.08710277835774966], [-0.03829155385116424, 0.30850603667968746], [0.19984961869604828, 0.40105917812845804], [0.18727681670339866, 0.07829093937772447], [0.05998080844329201, -0.12497230724366934], [-0.35967032342167127, 0.15164225530294068], [0.02610743557052198, 0.5655584760744718], [0.011796269636025817, 0.03244347428976395], [0.06157940153689821, -0.23636135326401858], [0.03616545494285371, 0.10617643158034344], [0.12085795547395725, 0.04476575233163342], [0.2799838013429709, 0.12958384677111948], [-0.389961867162559, 0.012465561124747466], [-0.09966802164689924, 0.1089122166394864], [0.02313673766314404, -0.10927844736602312], [0.002542201305332643, -0.07496948587841315], [-0.4384195799191547, -0.39678629507724694]], "0.05": [[-0.43683957233244597, -0.3945249976877969], [0.328282039191611, -0.08282659191272149], [-0.0034364464349998848, 0.1484801027553902], [0.033389514551909666, 0.11097766215509766], [0.1635703331802639, -0.12343850012471246], [-0.04229639902113254, -0.043681529173063435], [0.2209253568500155, -0.06394690378685572], [0.09413933965822135, -0.0969681589348298], [-0.2102017214145983, -0.09938442588839033], [-0.105130235035947, 0.3985525828182996], [0.1509638822224269, -0.4938313042594058], [0.18705560483006609, -0.09278347058519469], [-0.2590689864355473, -0.28180663129173206], [0.021554895277114922, -0.12856319211123357], [-0.3457016808005767, -0.45068219546323185], [-0.028105947260087704, 0.08614466029268708], [-0.03550813600859695, 0.3134273342723906], [0.20906554201241587, 0.394966729095202], [0.18605608863929954, 0.07506864553574502], [0.05823941247807525, -0.10193056000466821], [-0.36841423311748434, 0.15570359922121937], [0.024002238663718915, 0.5779457183546821], [0.00815861071110107, 0.03021291529980006], [0.08466413750005, -0.2218074813806038], [0.04468858775953762, 0.13107682287250386], [0.11626791794696462, 0.04637907635630265], [0.28006649175050147, 0.1296532786556035], [-0.3931852835127133, 0.009834979711171124], [-0.0982011784194533, 0.1104959979790663], [0.035437914940347516, -0.10260174205838199], [0.015067705665774719, -0.0649519632415552], [-0.440317756260573, -0.39622506592603385]],