{"shear_errs": [0.0, 0.01, 0.03, 0.05, 0.1, 0.15, 0.2, 0.25, 0.3, 0.35, 0.4], "rec_shear": {"0.0": [[-0.33302965950955066, -0.4290810795212353], [0.4419419538716156, -0.09281612110194652], [-0.002727231677650103, 0.14441233716734395], [0.04014382599111157, 0.01781023797915009], [0.2645505940722815, -0.11995035609076046], [0.036448689185705166, 0.044923446812030435], [0.20498596111487602, -0.07544191382114697]], "0.01": [[-0.33532955947009935, -0.4295703818855369], [0.4411554353652039, -0.0951319526895091], [-0.004711539007950219, 0.14423817442473535], [0.03914989522808926, 0.01312150535116598], [0.2544571623533682, -0.13051298215682547], [0.026001603069440098, 0.043588880674005424], [0.20378319853059834, -0.08242038382450198]], "0.03": [[-0.3408486892204755, -0.43489067582015056], [0.4383961796202949, -0.09985809418486775], [0.00010035593659268387, 0.13246711110089537], [0.04014382599111157, 0.01781023797915009], [0.23210691827486804, -0.12258546131282844], [0.036448689185705166, 0.044923446812030435], [0.20498596111487602, -0.07544191382114697]], "0.05": [[-0.3489720174896103, -0.4396799427577567], [0.4260167276914547, -0.09864373584433113], [-0.002727231677650103, 0.14441233716734395], [0.037321326178931205, -0.007895734835188045], [0.22038821922167806, -0.16107760284224673], [-0.014283436847563237, 0.03514137107130566], [0.1764456565280277, -0.10813368106043963]], "0.1": [[-0.37213262412168363, -0.4559959451931811], [0.40593808625285865, -0.07646724151632439], [-0.028465677653543874, 0.14272267968773264], [0.01615664081676523, 0.042376396047925695], [0.2645505940722815, -0.11995035609076046], [-0.05308874662724132, 0.01869440538238541], [0.15618902262830112, -0.12421118567822606]], "0.15": [[-0.38675689659618423, -0.46222839927330733], [0.39306503531097264, -0.07818288935791702], [-0.002727231677650103, 0.14441233716734395], [-0.013311484314840522, 0.04280492718039796], [0.12457296589258393, -0.20885228843392006], [0.036448689185705166, 0.044923446812030435], [0.14791503327064862, -0.13485065118791814]], "0.2": [[-0.4029179992841204, -0.4626706155450539], [0.37355928045996417, -0.11752760664930598], [-0.05976259647802619, 0.05255333370518208], [0.007343879161215673, -0.0397608184036938], [0.08970507968818814, -0.11249518051834895], [0.036448689185705166, 0.044923446812030435], [0.20856904543734217, -0.15517688458613177]], "0.25": [[-0.35126550918369226, -0.45442331597242624], [0.4419419538716156, -0.09281612110194652], [-0.060019294011472685, 0.1562069467631545], [0.005175216471038474, -0.030423655695806667], [0.17584666435315768, -0.2206310291450888], [-0.11823092254356318, -0.010129383568240138], [0.10848213148146546, -0.07898529495219188]], "0.3": [[-0.4205864425443163, -0.431126621863528], [0.34249646462408234, -0.11571803719710391], [-0.07264823032985063, 0.15906783405222114], [0.04014382599111157, 0.01781023797915009], [0.2645505940722815, -0.11995035609076046], [0.036448689185705166, 0.044923446812030435], [0.20498596111487602, -0.07544191382114697]], "0.35": [[-0.33302965950955066, -0.4290810795212353], [0.330520004502877, -0.10439428634365198], [-0.08200115143909922, 0.02776570793597823], [0.04014382599111157, 0.01781023797915009], [0.17275228777035984, -0.16417809817189008], [-0.12909834025817885, -0.1488097380573364], [0.20498596111487602, -0.07544191382114697]], "0.4": [[-0.4395055422131126, -0.3940383744216204], [0.32368120072912665, -0.08806833807169485], [-0.002727231677650103, 0.14441233716734395], [0.030142900878982224, 0.09842240659985375], [0.16390433562597242, -0.1297264713257994], [-0.08310488156502073, -0.04757457760770616], [0.20498596111487602, -0.07544191382114697]]}, "gt_shear": [[-0.32458579221679473, -0.39914990312242216], [0.4803885159979247, -0.1075167637271896], [-0.008636690810060256, 0.1526663845801284], [-0.005651914146430252, -0.12573492223394245], [0.15719029276613516, -0.08969543955585445], [0.037453041875660585, 0.02204800347707723], [0.23702668210148986, -0.07228576448483563]], "obs_shear": [[-0.2260362191637294, -0.2527515267265244], [0.24268678489125994, -0.05687906782189853], [0.004022768688570722, 0.11084436281377125], [0.023269551326979977, 0.0724049907353247], [0.08285571572770462, -0.02893421693645745], [0.04463612968250606, -0.03659804558571313], [0.11574313982914922, -0.030683875039324352]], "rec_err_mean": [[0.03414300052453322, 0.036102505122300545], [0.03438080014671428, 0.037511852382694624], [0.0315356742072582, 0.03800935576580205], [0.04330802054132658, 0.04225996425513665], [0.06319636467698156, 0.050212074754125195], [0.04082813468021569, 0.06768620660905486], [0.04946147771613546, 0.05545500206409813], [0.06146012850547978, 0.04837691304261671], [0.0691579080487731, 0.03520158730033943], [0.07023238252558033, 0.07857086287519344], [0.06752057524429585, 0.05282587039913099]]}